Date,Adj Close
2010-07-17,0.04951
2010-07-18,0.08584
2010-07-19,0.0808
2010-07-20,0.07474
2010-07-21,0.07921
2010-07-22,0.0505
2010-07-23,0.06262
2010-07-24,0.05454
2010-07-25,0.0505
2010-07-26,0.056
2010-07-27,0.06
2010-07-28,0.0589
2010-07-29,0.0699
2010-07-30,0.0627
2010-07-31,0.06785
2010-08-01,0.0611
2010-08-02,0.06
2010-08-03,0.06
2010-08-04,0.057
2010-08-05,0.061
2010-08-06,0.0623
2010-08-07,0.059
2010-08-08,0.0609
2010-08-09,0.071
2010-08-10,0.07
2010-08-11,0.067
2010-08-12,0.07
2010-08-13,0.0645
2010-08-14,0.067
2010-08-15,0.06529
2010-08-16,0.0655
2010-08-17,0.07
2010-08-18,0.068
2010-08-19,0.0667
2010-08-20,0.0655
2010-08-21,0.0664
2010-08-22,0.066
2010-08-23,0.06491
2010-08-24,0.065
2010-08-25,0.0648
2010-08-26,0.064
2010-08-27,0.065
2010-08-28,0.0641
2010-08-29,0.064
2010-08-30,0.06497
2010-08-31,0.06
2010-09-01,0.0629
2010-09-02,0.0634
2010-09-03,0.06085
2010-09-04,0.06238
2010-09-05,0.0616
2010-09-06,0.0616
2010-09-07,0.061
2010-09-08,0.062
2010-09-09,0.06111
2010-09-10,0.0618
2010-09-11,0.06366
2010-09-12,0.0615
2010-09-13,0.06219
2010-09-14,0.06199
2010-09-15,0.0604
2010-09-16,0.0619
2010-09-17,0.059
2010-09-18,0.061
2010-09-19,0.0627
2010-09-20,0.0621
2010-09-21,0.06265
2010-09-22,0.0622
2010-09-23,0.06231
2010-09-24,0.0622
2010-09-25,0.06202
2010-09-26,0.062
2010-09-27,0.0622
2010-09-28,0.0619
2010-09-29,0.06191
2010-09-30,0.0619
2010-10-01,0.06197
2010-10-02,0.0614
2010-10-03,0.06111
2010-10-04,0.0613
2010-10-05,0.0614
2010-10-06,0.06281
2010-10-07,0.067
2010-10-08,0.08685
2010-10-09,0.0938
2010-10-10,0.0965
2010-10-11,0.095
2010-10-12,0.0949
2010-10-13,0.105
2010-10-14,0.102
2010-10-15,0.105
2010-10-16,0.101
2010-10-17,0.102
2010-10-18,0.1024
2010-10-19,0.097
2010-10-20,0.099
2010-10-21,0.107
2010-10-22,0.1025
2010-10-23,0.1055
2010-10-24,0.11501
2010-10-25,0.132
2010-10-26,0.1503
2010-10-27,0.1877
2010-10-28,0.1731
2010-10-29,0.19
2010-10-30,0.1989
2010-10-31,0.1925
2010-11-01,0.1955
2010-11-02,0.1938
2010-11-03,0.1931
2010-11-04,0.23
2010-11-05,0.26
2010-11-06,0.39
2010-11-07,0.34
2010-11-08,0.243
2010-11-09,0.21
2010-11-10,0.24
2010-11-11,0.2231
2010-11-12,0.2682
2010-11-13,0.276
2010-11-14,0.27904
2010-11-15,0.2682
2010-11-16,0.223
2010-11-17,0.2299
2010-11-18,0.2678
2010-11-19,0.28
2010-11-20,0.28301
2010-11-21,0.27675
2010-11-22,0.2879
2010-11-23,0.28295
2010-11-24,0.28299
2010-11-25,0.28
2010-11-26,0.2844
2010-11-27,0.283
2010-11-28,0.27
2010-11-29,0.2299
2010-11-30,0.2082
2010-12-01,0.2275
2010-12-02,0.255
2010-12-03,0.25105
2010-12-04,0.205
2010-12-05,0.19
2010-12-06,0.204
2010-12-07,0.233
2010-12-08,0.2388
2010-12-09,0.2
2010-12-10,0.204
2010-12-11,0.228
2010-12-12,0.22
2010-12-13,0.2299
2010-12-14,0.24669
2010-12-15,0.23801
2010-12-16,0.24996
2010-12-17,0.24
2010-12-18,0.241
2010-12-19,0.2401
2010-12-20,0.267
2010-12-21,0.24
2010-12-22,0.25
2010-12-23,0.25
2010-12-24,0.248
2010-12-25,0.2499
2010-12-26,0.265
2010-12-27,0.265
2010-12-28,0.281
2010-12-29,0.3
2010-12-30,0.3
2010-12-31,0.3
2011-01-01,0.3
2011-01-02,0.29997
2011-01-03,0.295
2011-01-04,0.29895
2011-01-05,0.299
2011-01-06,0.298
2011-01-07,0.32
2011-01-08,0.3229
2011-01-09,0.323
2011-01-10,0.32659
2011-01-11,0.32659
2011-01-12,0.3188
2011-01-13,0.3176
2011-01-14,0.4
2011-01-15,0.386
2011-01-16,0.38679
2011-01-17,0.3495
2011-01-18,0.31299
2011-01-19,0.31299
2011-01-20,0.39
2011-01-21,0.41991
2011-01-22,0.4443
2011-01-23,0.4424
2011-01-24,0.4199
2011-01-25,0.41
2011-01-26,0.417
2011-01-27,0.4212
2011-01-28,0.446
2011-01-29,0.439
2011-01-30,0.4799
2011-01-31,0.52001
2011-02-01,0.7
2011-02-02,0.716
2011-02-03,0.69
2011-02-04,0.811
2011-02-05,0.92
2011-02-06,0.89968
2011-02-07,0.89
2011-02-08,0.918
2011-02-09,1.09
2011-02-10,0.98031
2011-02-11,1.07001
2011-02-12,1.0799
2011-02-13,1.05
2011-02-14,1.07
2011-02-15,1.05
2011-02-16,1.045
2011-02-17,1.04
2011-02-18,0.8989
2011-02-19,0.94898
2011-02-20,0.85
2011-02-21,0.8345
2011-02-22,0.87023
2011-02-23,0.9
2011-02-24,0.99743
2011-02-25,0.9111
2011-02-26,0.958
2011-02-27,0.89
2011-02-28,0.86
2011-03-01,0.92021
2011-03-02,0.9399
2011-03-03,0.93909
2011-03-04,0.901
2011-03-05,0.9103
2011-03-06,0.8999
2011-03-07,0.88502
2011-03-08,0.86999
2011-03-09,0.86449
2011-03-10,0.9329
2011-03-11,0.88
2011-03-12,0.918
2011-03-13,0.89249
2011-03-14,0.8949
2011-03-15,0.87
2011-03-16,0.86
2011-03-17,0.82542
2011-03-18,0.81648
2011-03-19,0.765
2011-03-20,0.74108
2011-03-21,0.75897
2011-03-22,0.80901
2011-03-23,0.84971
2011-03-24,0.86688
2011-03-25,0.88377
2011-03-26,0.8552
2011-03-27,0.82
2011-03-28,0.79898
2011-03-29,0.7925
2011-03-30,0.7897
2011-03-31,0.78461
2011-04-01,0.77411
2011-04-02,0.78199
2011-04-03,0.779
2011-04-04,0.68
2011-04-05,0.71
2011-04-06,0.74
2011-04-07,0.7538
2011-04-08,0.74999
2011-04-09,0.73
2011-04-10,0.7369
2011-04-11,0.77
2011-04-12,0.86
2011-04-13,0.9225
2011-04-14,1
2011-04-15,0.98991
2011-04-16,1.0499
2011-04-17,1.1123
2011-04-18,1.16199
2011-04-19,1.1979
2011-04-20,1.1421
2011-04-21,1.21
2011-04-22,1.40901
2011-04-23,1.7001
2011-04-24,1.63011
2011-04-25,1.559
2011-04-26,1.7949
2011-04-27,1.9
2011-04-28,2.21059
2011-04-29,2.88
2011-04-30,3.5
2011-05-01,3.03311
2011-05-02,3.2
2011-05-03,3.41
2011-05-04,3.40609
2011-05-05,3.333
2011-05-06,3.45
2011-05-07,3.641
2011-05-08,3.8659
2011-05-09,3.8
2011-05-10,5.81
2011-05-11,5.5
2011-05-12,6.30019
2011-05-13,8.198
2011-05-14,7.19769
2011-05-15,6.98701
2011-05-16,8.03388
2011-05-17,7.19
2011-05-18,6.88
2011-05-19,6.805
2011-05-20,5.59039
2011-05-21,6.11971
2011-05-22,6.6901
2011-05-23,7.14991
2011-05-24,7.42
2011-05-25,8.3997
2011-05-26,8.798
2011-05-27,8.5002
2011-05-28,8.3001
2011-05-29,8.4299
2011-05-30,8.8
2011-05-31,8.741
2011-06-01,9.57
2011-06-02,10.6
2011-06-03,14.29
2011-06-04,18.89
2011-06-05,16.7
2011-06-06,18.5499
2011-06-07,23.9234
2011-06-08,29.6
2011-06-09,28.919
2011-06-10,23.9497
2011-06-11,14.6511
2011-06-12,18.5464
2011-06-13,19.84
2011-06-14,19.28
2011-06-15,19.49
2011-06-16,17
2011-06-17,15.681
2011-06-18,16.89
2011-06-19,17.51
2011-06-20,17.35
2011-06-21,17.2
2011-06-22,17.05
2011-06-23,16.9
2011-06-24,16.75
2011-06-25,16.6
2011-06-26,16.45001
2011-06-27,16.75004
2011-06-28,16.9498
2011-06-29,16.845
2011-06-30,16.10098
2011-07-01,15.397
2011-07-02,15.4
2011-07-03,15.44049
2011-07-04,13.86
2011-07-05,12.90691
2011-07-06,14.78347
2011-07-07,14.77609
2011-07-08,14.31399
2011-07-09,14.38
2011-07-10,14.9
2011-07-11,14.20912
2011-07-12,14.00943
2011-07-13,13.95099
2011-07-14,13.99
2011-07-15,13.81
2011-07-16,13.7191
2011-07-17,13.16
2011-07-18,13.48
2011-07-19,13.85024
2011-07-20,13.68943
2011-07-21,13.61
2011-07-22,13.69542
2011-07-23,13.68
2011-07-24,13.98001
2011-07-25,14.0478
2011-07-26,13.88214
2011-07-27,13.9394
2011-07-28,13.49011
2011-07-29,13.49832
2011-07-30,13.53034
2011-07-31,13.35
2011-08-01,13.0946
2011-08-02,12.05
2011-08-03,9.26
2011-08-04,10.75
2011-08-05,9.7999
2011-08-06,6.55
2011-08-07,7.9
2011-08-08,7.79991
2011-08-09,9.99
2011-08-10,9.98
2011-08-11,9.46248
2011-08-12,9.46051
2011-08-13,10.131
2011-08-14,10.7957
2011-08-15,11.14979
2011-08-16,10.96409
2011-08-17,10.94555
2011-08-18,10.83001
2011-08-19,11.65
2011-08-20,11.453
2011-08-21,11.31125
2011-08-22,10.895
2011-08-23,10.94001
2011-08-24,10.8506
2011-08-25,9.65702
2011-08-26,8.17939
2011-08-27,8.5902
2011-08-28,9.07011
2011-08-29,8.969
2011-08-30,8.79134
2011-08-31,8.19951
2011-09-01,8.21
2011-09-02,8.64
2011-09-03,8.48
2011-09-04,8.17798
2011-09-05,7.61101
2011-09-06,6.8628
2011-09-07,7.1864
2011-09-08,6.53
2011-09-09,5.03
2011-09-10,4.7739
2011-09-11,5.86435
2011-09-12,6.078
2011-09-13,5.8
2011-09-14,5.61932
2011-09-15,4.84
2011-09-16,4.82
2011-09-17,4.77
2011-09-18,5.2
2011-09-19,5.46001
2011-09-20,6.11191
2011-09-21,5.6114
2011-09-22,5.42781
2011-09-23,5.54514
2011-09-24,5.46829
2011-09-25,5.33
2011-09-26,4.86969
2011-09-27,4.9156
2011-09-28,4.77247
2011-09-29,4.77935
2011-09-30,5.14009
2011-10-01,5.03241
2011-10-02,5.02701
2011-10-03,5.02401
2011-10-04,4.96
2011-10-05,4.87
2011-10-06,4.73443
2011-10-07,4.2728
2011-10-08,4.00753
2011-10-09,4.10288
2011-10-10,4.1
2011-10-11,3.9308
2011-10-12,4.15
2011-10-13,4.04615
2011-10-14,3.98791
2011-10-15,3.84214
2011-10-16,3.55701
2011-10-17,2.55998
2011-10-18,2.41901
2011-10-19,2.27
2011-10-20,2.34801
2011-10-21,2.57
2011-10-22,3.1588
2011-10-23,3.17
2011-10-24,2.545
2011-10-25,2.77
2011-10-26,2.77302
2011-10-27,3.04001
2011-10-28,3.18999
2011-10-29,3.58113
2011-10-30,3.27
2011-10-31,3.24801
2011-11-01,3.15
2011-11-02,3.25429
2011-11-03,3.152
2011-11-04,3.109
2011-11-05,2.97002
2011-11-06,2.95959
2011-11-07,3.00677
2011-11-08,3.03501
2011-11-09,2.95001
2011-11-10,2.83993
2011-11-11,3.08001
2011-11-12,3.03099
2011-11-13,2.99686
2011-11-14,2.22
2011-11-15,2.32896
2011-11-16,2.56035
2011-11-17,2.25
2011-11-18,2.04999
2011-11-19,2.19585
2011-11-20,2.2
2011-11-21,2.294
2011-11-22,2.3289
2011-11-23,2.33209
2011-11-24,2.4321
2011-11-25,2.50612
2011-11-26,2.47003
2011-11-27,2.47991
2011-11-28,2.55
2011-11-29,2.75019
2011-11-30,2.9701
2011-12-01,3.06
2011-12-02,3.1151
2011-12-03,2.794
2011-12-04,2.82809
2011-12-05,2.8798
2011-12-06,3.03
2011-12-07,2.99001
2011-12-08,2.98
2011-12-09,2.96999
2011-12-10,3.05
2011-12-11,3.2511
2011-12-12,3.135
2011-12-13,3.2499
2011-12-14,3.15
2011-12-15,3.2
2011-12-16,3.2
2011-12-17,3.2001
2011-12-18,3.193
2011-12-19,3.5202
2011-12-20,3.95
2011-12-21,3.89
2011-12-22,3.8901
2011-12-23,3.94678
2011-12-24,3.94
2011-12-25,4.225
2011-12-26,4.018
2011-12-27,4.06997
2011-12-28,4.18552
2011-12-29,4.166
2011-12-30,4.248
2011-12-31,4.72202
2012-01-01,5.26766
2012-01-02,5.21678
2012-01-03,4.8808
2012-01-04,5.57383
2012-01-05,6.9476
2012-01-06,6.69693
2012-01-07,6.81
2012-01-08,7.11358
2012-01-09,6.3257
2012-01-10,6.36
2012-01-11,6.9
2012-01-12,6.79999
2012-01-13,6.41
2012-01-14,6.75001
2012-01-15,7.00177
2012-01-16,6.68254
2012-01-17,5.59998
2012-01-18,5.92
2012-01-19,6.35979
2012-01-20,6.48979
2012-01-21,6.18
2012-01-22,6.3097
2012-01-23,6.356
2012-01-24,6.28978
2012-01-25,5.75
2012-01-26,5.34
2012-01-27,5.29199
2012-01-28,5.62667
2012-01-29,5.3809
2012-01-30,5.49048
2012-01-31,5.48379
2012-02-01,6.07561
2012-02-02,6.1
2012-02-03,5.9593
2012-02-04,5.87343
2012-02-05,5.68881
2012-02-06,5.45345
2012-02-07,5.69
2012-02-08,5.59998
2012-02-09,5.83
2012-02-10,5.9126
2012-02-11,5.6005
2012-02-12,5.51468
2012-02-13,5.26
2012-02-14,4.46292
2012-02-15,4.3251
2012-02-16,4.2739
2012-02-17,4.41
2012-02-18,4.22201
2012-02-19,4.38669
2012-02-20,4.36146
2012-02-21,4.272
2012-02-22,4.42474
2012-02-23,5.015
2012-02-24,5.0288
2012-02-25,4.77302
2012-02-26,4.922
2012-02-27,4.95598
2012-02-28,4.86798
2012-02-29,4.86001
2012-03-01,4.9213
2012-03-02,4.70499
2012-03-03,4.61436
2012-03-04,4.82001
2012-03-05,4.98427
2012-03-06,4.9901
2012-03-07,4.93752
2012-03-08,4.93016
2012-03-09,4.86112
2012-03-10,4.83315
2012-03-11,4.91
2012-03-12,4.89005
2012-03-13,5.27
2012-03-14,5.38
2012-03-15,5.32656
2012-03-16,5.34388
2012-03-17,5.2159
2012-03-18,5.27943
2012-03-19,4.6939
2012-03-20,4.8379
2012-03-21,4.81488
2012-03-22,4.7043
2012-03-23,4.68596
2012-03-24,4.676
2012-03-25,4.55001
2012-03-26,4.61911
2012-03-27,4.81125
2012-03-28,4.788
2012-03-29,4.80838
2012-03-30,4.86
2012-03-31,4.90873
2012-04-01,4.827
2012-04-02,4.974
2012-04-03,4.952
2012-04-04,4.91008
2012-04-05,4.919
2012-04-06,4.94991
2012-04-07,4.68715
2012-04-08,4.79252
2012-04-09,4.87191
2012-04-10,4.83668
2012-04-11,4.9279
2012-04-12,4.91968
2012-04-13,4.93999
2012-04-14,4.9597
2012-04-15,4.96892
2012-04-16,4.93201
2012-04-17,4.97587
2012-04-18,5.1178
2012-04-19,5.13766
2012-04-20,5.35
2012-04-21,5.26008
2012-04-22,5.20352
2012-04-23,4.95999
2012-04-24,5.09822
2012-04-25,5.13182
2012-04-26,5.09762
2012-04-27,5.10947
2012-04-28,4.9794
2012-04-29,4.90441
2012-04-30,4.9491
2012-05-01,5
2012-05-02,5.07367
2012-05-03,5.13438
2012-05-04,5.067
2012-05-05,5.077
2012-05-06,5.04991
2012-05-07,5.06002
2012-05-08,5.04997
2012-05-09,5.0437
2012-05-10,4.85
2012-05-11,4.96
2012-05-12,4.94619
2012-05-13,4.92996
2012-05-14,5.00594
2012-05-15,5.035
2012-05-16,5.0887
2012-05-17,5.0998
2012-05-18,5.11801
2012-05-19,5.0995
2012-05-20,5.09002
2012-05-21,5.09977
2012-05-22,5.09877
2012-05-23,5.1397
2012-05-24,5.11904
2012-05-25,5.14546
2012-05-26,5.10324
2012-05-27,5.13896
2012-05-28,5.1358
2012-05-29,5.14997
2012-05-30,5.135
2012-05-31,5.18011
2012-06-01,5.27481
2012-06-02,5.24898
2012-06-03,5.2051
2012-06-04,5.26599
2012-06-05,5.44001
2012-06-06,5.46001
2012-06-07,5.591
2012-06-08,5.633
2012-06-09,5.55997
2012-06-10,5.46829
2012-06-11,5.57471
2012-06-12,5.70003
2012-06-13,5.929
2012-06-14,5.9541
2012-06-15,6.5
2012-06-16,6.4
2012-06-17,6.16382
2012-06-18,6.30998
2012-06-19,6.49876
2012-06-20,6.67
2012-06-21,6.68008
2012-06-22,6.54781
2012-06-23,6.4285
2012-06-24,6.35002
2012-06-25,6.30482
2012-06-26,6.4195
2012-06-27,6.647
2012-06-28,6.60588
2012-06-29,6.65
2012-06-30,6.68999
2012-07-01,6.62898
2012-07-02,6.75999
2012-07-03,6.44993
2012-07-04,6.5101
2012-07-05,6.67
2012-07-06,6.64811
2012-07-07,6.76207
2012-07-08,6.79898
2012-07-09,7.0215
2012-07-10,7.1999
2012-07-11,7.15
2012-07-12,7.76437
2012-07-13,7.6651
2012-07-14,7.5421
2012-07-15,7.62101
2012-07-16,8.4996
2012-07-17,8.80001
2012-07-18,9.10977
2012-07-19,8.86999
2012-07-20,8.52
2012-07-21,8.84553
2012-07-22,8.4096
2012-07-23,8.44565
2012-07-24,8.6
2012-07-25,8.8
2012-07-26,8.9
2012-07-27,8.9
2012-07-28,8.8881
2012-07-29,8.71027
2012-07-30,9.098
2012-07-31,9.35
2012-08-01,9.5503
2012-08-02,10.53
2012-08-03,10.97
2012-08-04,10.98398
2012-08-05,10.86998
2012-08-06,10.85517
2012-08-07,11.1
2012-08-08,11.0553
2012-08-09,11.0611
2012-08-10,11.38637
2012-08-11,11.5102
2012-08-12,11.62399
2012-08-13,12.03749
2012-08-14,12.19
2012-08-15,13.25
2012-08-16,13.5
2012-08-17,11.5836
2012-08-18,11.61
2012-08-19,8
2012-08-20,10.1
2012-08-21,9.91502
2012-08-22,9.80679
2012-08-23,10.09997
2012-08-24,10.6
2012-08-25,10.5239
2012-08-26,10.61
2012-08-27,10.95
2012-08-28,10.94
2012-08-29,10.9169
2012-08-30,10.77699
2012-08-31,10.16
2012-09-01,9.96544
2012-09-02,10.2041
2012-09-03,10.53
2012-09-04,10.38471
2012-09-05,10.99971
2012-09-06,11.181
2012-09-07,11
2012-09-08,11.037
2012-09-09,11.02
2012-09-10,11.17
2012-09-11,11.33081
2012-09-12,11.36489
2012-09-13,11.399
2012-09-14,11.67
2012-09-15,11.75
2012-09-16,11.87
2012-09-17,11.89
2012-09-18,12.25
2012-09-19,12.5725
2012-09-20,12.28253
2012-09-21,12.368
2012-09-22,12.23781
2012-09-23,12.19331
2012-09-24,12.1
2012-09-25,12.197
2012-09-26,12.27
2012-09-27,12.30889
2012-09-28,12.39101
2012-09-29,12.36309
2012-09-30,12.4
2012-10-01,12.4
2012-10-02,12.84
2012-10-03,12.89
2012-10-04,12.85
2012-10-05,12.688
2012-10-06,12.505
2012-10-07,11.80001
2012-10-08,11.77809
2012-10-09,11.895
2012-10-10,12.12
2012-10-11,12.03
2012-10-12,12
2012-10-13,11.86101
2012-10-14,11.7389
2012-10-15,11.83807
2012-10-16,11.8499
2012-10-17,11.81
2012-10-18,11.93977
2012-10-19,11.74012
2012-10-20,11.73991
2012-10-21,11.63107
2012-10-22,11.71012
2012-10-23,11.65
2012-10-24,11.64999
2012-10-25,10.86158
2012-10-26,10.17061
2012-10-27,10.26051
2012-10-28,10.69998
2012-10-29,10.59999
2012-10-30,10.88753
2012-10-31,11.201
2012-11-01,10.57
2012-11-02,10.46877
2012-11-03,10.6425
2012-11-04,10.80011
2012-11-05,10.748
2012-11-06,10.89899
2012-11-07,10.92
2012-11-08,10.925
2012-11-09,10.815
2012-11-10,10.88999
2012-11-11,10.8687
2012-11-12,11.00801
2012-11-13,10.9512
2012-11-14,10.95
2012-11-15,11.19771
2012-11-16,11.74889
2012-11-17,11.78889
2012-11-18,11.65152
2012-11-19,11.7999
2012-11-20,11.73281
2012-11-21,11.76999
2012-11-22,12.42191
2012-11-23,12.34501
2012-11-24,12.41153
2012-11-25,12.4821
2012-11-26,12.24546
2012-11-27,12.2
2012-11-28,12.34769
2012-11-29,12.45
2012-11-30,12.565
2012-12-01,12.56201
2012-12-02,12.50004
2012-12-03,12.67899
2012-12-04,13.41
2012-12-05,13.38
2012-12-06,13.29899
2012-12-07,13.4999
2012-12-08,13.42007
2012-12-09,13.388
2012-12-10,13.43335
2012-12-11,13.55703
2012-12-12,13.6989
2012-12-13,13.7001
2012-12-14,13.60004
2012-12-15,13.49011
2012-12-16,13.30002
2012-12-17,13.25005
2012-12-18,13.29899
2012-12-19,13.599
2012-12-20,13.52463
2012-12-21,13.49998
2012-12-22,13.37136
2012-12-23,13.31202
2012-12-24,13.38001
2012-12-25,13.35001
2012-12-26,13.46786
2012-12-27,13.42174
2012-12-28,13.42119
2012-12-29,13.4
2012-12-30,13.45001
2012-12-31,13.51001
2013-01-01,13.30413
2013-01-02,13.27999
2013-01-03,13.39786
2013-01-04,13.5
2013-01-05,13.44
2013-01-06,13.45395
2013-01-07,13.58755
2013-01-08,13.74275
2013-01-09,13.77001
2013-01-10,14.13999
2013-01-11,14.13701
2013-01-12,14.23699
2013-01-13,14.11601
2013-01-14,14.30002
2013-01-15,14.25003
2013-01-16,14.73
2013-01-17,15.50001
2013-01-18,15.70499
2013-01-19,15.615
2013-01-20,15.7
2013-01-21,16.8
2013-01-22,17.26142
2013-01-23,17.50004
2013-01-24,16.89596
2013-01-25,17.40001
2013-01-26,17.88
2013-01-27,17.81821
2013-01-28,18.72101
2013-01-29,19.52538
2013-01-30,19.70001
2013-01-31,20.41001
2013-02-01,20.49897
2013-02-02,19.63001
2013-02-03,20.59
2013-02-04,20.43005
2013-02-05,20.60001
2013-02-06,21.18
2013-02-07,22.15
2013-02-08,22.66
2013-02-09,23.65
2013-02-10,23.96975
2013-02-11,24.65
2013-02-12,25.16975
2013-02-13,24.2
2013-02-14,27.2205
2013-02-15,27.1
2013-02-16,27.21584
2013-02-17,26.8146
2013-02-18,26.95
2013-02-19,29.41759
2013-02-20,29.64501
2013-02-21,29.74768
2013-02-22,30.24539
2013-02-23,29.79999
2013-02-24,29.88999
2013-02-25,30.39999
2013-02-26,31.1
2013-02-27,30.9012
2013-02-28,33.38
2013-03-01,34.5
2013-03-02,34.25
2013-03-03,34.49999
2013-03-04,36.152
2013-03-05,40.33
2013-03-06,41.0201
2013-03-07,41.99999
2013-03-08,44.17999
2013-03-09,46.85
2013-03-10,46
2013-03-11,48.39999
2013-03-12,44.28994
2013-03-13,46.92002
2013-03-14,47.1696
2013-03-15,46.95
2013-03-16,47.00019
2013-03-17,47.4
2013-03-18,51.60001
2013-03-19,59.14001
2013-03-20,64.4888
2013-03-21,70.85
2013-03-22,69.86501
2013-03-23,64.35
2013-03-24,71.5
2013-03-25,73.6
2013-03-26,78.5
2013-03-27,88.92
2013-03-28,86.18
2013-03-29,90.5
2013-03-30,92.19003
2013-03-31,93.03001
2013-04-01,104
2013-04-02,117.98
2013-04-03,135
2013-04-04,132.12001
2013-04-05,142.32356
2013-04-06,142.63112
2013-04-07,162.30102
2013-04-08,187.5
2013-04-09,230
2013-04-10,165
2013-04-11,124.9
2013-04-12,117
2013-04-13,93
2013-04-14,89.99999
2013-04-15,82.38601
2013-04-16,68.35568
2013-04-17,93.07
2013-04-18,109.01
2013-04-19,118.48
2013-04-20,126.61552
2013-04-21,119.2
2013-04-22,127.39999
2013-04-23,143.475
2013-04-24,154.2
2013-04-25,141.71002
2013-04-26,136.90001
2013-04-27,128.00011
2013-04-28,134.44444
2013-04-29,143.99991
2013-04-30,139.2269
2013-05-01,116.37999
2013-05-02,106.25
2013-05-03,98.1
2013-05-04,112.9
2013-05-05,115.98
2013-05-06,112.25
2013-05-07,109.60013
2013-05-08,113.2
2013-05-09,112.799
2013-05-10,117.7
2013-05-11,115.64
2013-05-12,114.82002
2013-05-13,117.97968
2013-05-14,111.4
2013-05-15,114.22
2013-05-16,118.21
2013-05-17,123.49997
2013-05-18,123.211
2013-05-19,122.5
2013-05-20,122.02
2013-05-21,122.89001
2013-05-22,123.8
2013-05-23,126.3
2013-05-24,133.1
2013-05-25,131.986
2013-05-26,133.5
2013-05-27,129.76999
2013-05-28,128.99996
2013-05-29,132.25
2013-05-30,128.79901
2013-05-31,128.81505
2013-06-01,129.3
2013-06-02,122.5
2013-06-03,120.73716
2013-06-04,121.39997
2013-06-05,121.90001
2013-06-06,118.9699
2013-06-07,111
2013-06-08,107.89242
2013-06-09,100.43743
2013-06-10,106.35001
2013-06-11,109
2013-06-12,108.77592
2013-06-13,103.949
2013-06-14,100
2013-06-15,99.8
2013-06-16,99.9
2013-06-17,101.95
2013-06-18,107.34998
2013-06-19,108.251
2013-06-20,111.29
2013-06-21,109.5
2013-06-22,108.2
2013-06-23,107.90001
2013-06-24,102.09
2013-06-25,103.32933
2013-06-26,104
2013-06-27,101.73678
2013-06-28,94.66
2013-06-29,94.999
2013-06-30,97.51
2013-07-01,88.05
2013-07-02,90.40502
2013-07-03,78.89
2013-07-04,80.03565
2013-07-05,68.50001
2013-07-06,69.655
2013-07-07,76.5
2013-07-08,76.00003
2013-07-09,76.7
2013-07-10,88
2013-07-11,88.97901
2013-07-12,93.98994
2013-07-13,98.32
2013-07-14,94.41986
2013-07-15,98.89028
2013-07-16,97.1
2013-07-17,98.50001
2013-07-18,90.06889
2013-07-19,92
2013-07-20,89.82138
2013-07-21,91.998
2013-07-22,91.601
2013-07-23,95.55851
2013-07-24,95.08999
2013-07-25,96.95
2013-07-26,96.02015
2013-07-27,94.4
2013-07-28,98.78002
2013-07-29,101.484
2013-07-30,107.96
2013-07-31,106.21188
2013-08-01,104
2013-08-02,104.50102
2013-08-03,104.95
2013-08-04,105.12
2013-08-05,106.72001
2013-08-06,106.55641
2013-08-07,105.98993
2013-08-08,103.05
2013-08-09,102.8
2013-08-10,102.99999
2013-08-11,105
2013-08-12,106.81349
2013-08-13,109.6
2013-08-14,112.56205
2013-08-15,109.99497
2013-08-16,108.99438
2013-08-17,112.75
2013-08-18,113.38
2013-08-19,118.50203
2013-08-20,121.20001
2013-08-21,123.30002
2013-08-22,121.99994
2013-08-23,118.51002
2013-08-24,119.60255
2013-08-25,122.11102
2013-08-26,120.07
2013-08-27,131.295
2013-08-28,128.76
2013-08-29,129.30034
2013-08-30,138.03002
2013-08-31,141
2013-09-01,146.01003
2013-09-02,144
2013-09-03,144
2013-09-04,132.51
2013-09-05,130.20002
2013-09-06,121.9
2013-09-07,128.99496
2013-09-08,126.31501
2013-09-09,133.1
2013-09-10,132.61636
2013-09-11,142.1
2013-09-12,139.35499
2013-09-13,140.66
2013-09-14,136.7149
2013-09-15,138.3002
2013-09-16,139.41938
2013-09-17,139.15001
2013-09-18,140.41238
2013-09-19,135.05037
2013-09-20,133.80726
2013-09-21,134.38
2013-09-22,134.00001
2013-09-23,133.4
2013-09-24,134.7788
2013-09-25,135
2013-09-26,137.10002
2013-09-27,138.93
2013-09-28,142.5
2013-09-29,143.88402
2013-09-30,141.8965
2013-10-01,140.3
2013-10-02,123
2013-10-03,130.98925
2013-10-04,136.82222
2013-10-05,136.69511
2013-10-06,137.8
2013-10-07,135.80001
2013-10-08,136.50002
2013-10-09,139.5
2013-10-10,140.41013
2013-10-11,140.1
2013-10-12,142.89995
2013-10-13,147.53
2013-10-14,151.38003
2013-10-15,158.1
2013-10-16,152.83
2013-10-17,157.60001
2013-10-18,168.3
2013-10-19,183.17999
2013-10-20,186.12
2013-10-21,192.795
2013-10-22,203
2013-10-23,228
2013-10-24,206.995
2013-10-25,197.90999
2013-10-26,188.56002
2013-10-27,207.0001
2013-10-28,206.9
2013-10-29,216
2013-10-30,208
2013-10-31,211.1714
2013-11-01,213.5
2013-11-02,211.70001
2013-11-03,224.01001
2013-11-04,238.19039
2013-11-05,251.3
2013-11-06,264.1
2013-11-07,309.659
2013-11-08,355
2013-11-09,367.8
2013-11-10,336.33101
2013-11-11,363
2013-11-12,380.1
2013-11-13,434.87999
2013-11-14,433.4
2013-11-15,434
2013-11-16,461.9999
2013-11-17,528.31991
2013-11-18,785.50007
2013-11-19,645.71675
2013-11-20,638
2013-11-21,765.10001
2013-11-22,802
2013-11-23,832.524
2013-11-24,795
2013-11-25,830
2013-11-26,970
2013-11-27,1080
2013-11-28,1101.47497
2013-11-29,1206.97761
2013-11-30,1205.8
2013-12-01,1004.42392
2013-12-02,1096.63251
2013-12-03,1155
2013-12-04,1237.955
2013-12-05,1106.4345
2013-12-06,845
2013-12-07,696.99999
2013-12-08,804.00001
2013-12-09,918.99
2013-12-10,1033.975
2013-12-11,920
2013-12-12,899.9999
2013-12-13,936.87547
2013-12-14,908.98998
2013-12-15,920
2013-12-16,760
2013-12-17,715
2013-12-18,541.00001
2013-12-19,731.98999
2013-12-20,650
2013-12-21,640.5
2013-12-22,639.48
2013-12-23,713.34506
2013-12-24,702.8
2013-12-25,707.3
2013-12-26,802.11
2013-12-27,803.23
2013-12-28,762.005
2013-12-29,785.00501
2013-12-30,804.87996
2013-12-31,806.00503
2014-01-01,815.995
2014-01-02,857
2014-01-03,884.888
2014-01-04,924.92499
2014-01-05,1015
2014-01-06,1012.89899
2014-01-07,880
2014-01-08,939
2014-01-09,937
2014-01-10,957.89998
2014-01-11,1005.5
2014-01-12,940
2014-01-13,923.1001
2014-01-14,920
2014-01-15,941.31001
2014-01-16,914
2014-01-17,894.4
2014-01-18,906.005
2014-01-19,954.995
2014-01-20,956.00002
2014-01-21,962.36655
2014-01-22,951
2014-01-23,945
2014-01-24,917.05879
2014-01-25,961.23871
2014-01-26,1007.09456
2014-01-27,944
2014-01-28,933.00003
2014-01-29,926.13124
2014-01-30,942.10001
2014-01-31,939.27508
2014-02-01,940.6
2014-02-02,954
2014-02-03,932.05
2014-02-04,926.97999
2014-02-05,904.67
2014-02-06,828.99999
2014-02-07,705.01
2014-02-08,680.49
2014-02-09,687.37
2014-02-10,687.81
2014-02-11,675.1
2014-02-12,651.99
2014-02-13,604.11
2014-02-14,669
2014-02-15,655.83
2014-02-16,621
2014-02-17,633.66
2014-02-18,627.7
2014-02-19,623.01
2014-02-20,561.86
2014-02-21,581.35
2014-02-22,610.88
2014-02-23,610.09
2014-02-24,535.49
2014-02-25,535
2014-02-26,585.24
2014-02-27,583
2014-02-28,551.89
2014-03-01,567.48
2014-03-02,566.24
2014-03-03,677.69
2014-03-04,673
2014-03-05,669.99
2014-03-06,669.57
2014-03-07,632.79
2014-03-08,620
2014-03-09,640
2014-03-10,629.39
2014-03-11,632.1
2014-03-12,634.95
2014-03-13,641.01
2014-03-14,630.42
2014-03-15,637.24
2014-03-16,634.99
2014-03-17,621.11
2014-03-18,612
2014-03-19,611.2
2014-03-20,587.98
2014-03-21,570
2014-03-22,565.31
2014-03-23,561
2014-03-24,585.99
2014-03-25,583.77
2014-03-26,581.49
2014-03-27,475
2014-03-28,502.01
2014-03-29,491.99
2014-03-30,460
2014-03-31,454.83
2014-04-01,478.98
2014-04-02,439
2014-04-03,451.03
2014-04-04,452.2
2014-04-05,464.8
2014-04-06,456.27
2014-04-07,447.11
2014-04-08,453.57
2014-04-09,441.69
2014-04-10,363.12
2014-04-11,423
2014-04-12,423.42
2014-04-13,416.3
2014-04-14,458.5
2014-04-15,521
2014-04-16,530
2014-04-17,500.09
2014-04-18,483.11
2014-04-19,503.8
2014-04-20,500
2014-04-21,496.74
2014-04-22,490
2014-04-23,492
2014-04-24,502.2
2014-04-25,466.52
2014-04-26,459
2014-04-27,430
2014-04-28,442.9
2014-04-29,448
2014-04-30,448.85
2014-05-01,460.97
2014-05-02,454.5
2014-05-03,439
2014-05-04,438.04
2014-05-05,433
2014-05-06,428.01
2014-05-07,440
2014-05-08,437.69
2014-05-09,452.37
2014-05-10,455.39
2014-05-11,440
2014-05-12,442.5
2014-05-13,439.12
2014-05-14,446
2014-05-15,446
2014-05-16,447.31
2014-05-17,449.06
2014-05-18,446.91
2014-05-19,448.34
2014-05-20,489
2014-05-21,493.98
2014-05-22,529.99
2014-05-23,523.77
2014-05-24,528.44
2014-05-25,573.9
2014-05-26,581.88
2014-05-27,572.7
2014-05-28,580.66
2014-05-29,572.37
2014-05-30,621
2014-05-31,627.8
2014-06-01,630.99
2014-06-02,661.22
2014-06-03,670.14
2014-06-04,640.59
2014-06-05,661.48
2014-06-06,647.16
2014-06-07,657.13
2014-06-08,658
2014-06-09,648.83
2014-06-10,648.55
2014-06-11,620.5
2014-06-12,569.1
2014-06-13,592
2014-06-14,566.58
2014-06-15,588.55
2014-06-16,586.91
2014-06-17,606.48
2014-06-18,607
2014-06-19,593.4
2014-06-20,588.02
2014-06-21,591.29
2014-06-22,600.34
2014-06-23,588.22
2014-06-24,572.62
2014-06-25,560.4
2014-06-26,579.99
2014-06-27,599.99
2014-06-28,589.56
2014-06-29,599.89
2014-06-30,641.11
2014-07-01,638.25
2014-07-02,650.5
2014-07-03,645.99
2014-07-04,629
2014-07-05,630
2014-07-06,630.57
2014-07-07,622.09
2014-07-08,623.98
2014-07-09,621.97
2014-07-10,616.87
2014-07-11,635
2014-07-12,638.1
2014-07-13,630.88
2014-07-14,621.17
2014-07-15,622.9
2014-07-16,616.86
2014-07-17,622.2
2014-07-18,632.6
2014-07-19,628.63
2014-07-20,627
2014-07-21,622.73
2014-07-22,618.26
2014-07-23,621
2014-07-24,601.66
2014-07-25,602.93
2014-07-26,596.23
2014-07-27,590.3
2014-07-28,586.53
2014-07-29,585.95
2014-07-30,563.84
2014-07-31,582.04
2014-08-01,598.2
2014-08-02,589.59
2014-08-03,588.91
2014-08-04,588.5
2014-08-05,581.76
2014-08-06,581.16
2014-08-07,585.84
2014-08-08,588.02
2014-08-09,587.97
2014-08-10,590.96
2014-08-11,573.98
2014-08-12,566.69
2014-08-13,548.81
2014-08-14,507.99
2014-08-15,500.25
2014-08-16,521.97
2014-08-17,496.86
2014-08-18,475.22
2014-08-19,491.98
2014-08-20,516.39
2014-08-21,519.28
2014-08-22,514.65
2014-08-23,497
2014-08-24,507.85
2014-08-25,503.82
2014-08-26,512.18
2014-08-27,511.87
2014-08-28,506
2014-08-29,509.3
2014-08-30,500.85
2014-08-31,479.04
2014-09-01,474.54
2014-09-02,474.5
2014-09-03,474.89
2014-09-04,487.43
2014-09-05,477.65
2014-09-06,479.78
2014-09-07,475.43
2014-09-08,468.33
2014-09-09,473.2
2014-09-10,476.57
2014-09-11,475.9
2014-09-12,474.62
2014-09-13,477.98
2014-09-14,475.49
2014-09-15,469.47
2014-09-16,462.02
2014-09-17,452.09
2014-09-18,425
2014-09-19,395.86
2014-09-20,408.76
2014-09-21,399.55
2014-09-22,400.07
2014-09-23,438.97
2014-09-24,423.68
2014-09-25,408.76
2014-09-26,403.57
2014-09-27,401.77
2014-09-28,375.35
2014-09-29,374.2
2014-09-30,391.09
2014-10-01,384.86
2014-10-02,374.68
2014-10-03,358.74
2014-10-04,326.21
2014-10-05,323.52
2014-10-06,328.59
2014-10-07,334.8
2014-10-08,355.73
2014-10-09,364.01
2014-10-10,360.89
2014-10-11,362
2014-10-12,378.11
2014-10-13,392.6
2014-10-14,403.38
2014-10-15,394.52
2014-10-16,383.95
2014-10-17,383.65
2014-10-18,390.58
2014-10-19,387.53
2014-10-20,381.21
2014-10-21,385.81
2014-10-22,382.04
2014-10-23,357.18
2014-10-24,358.86
2014-10-25,348.69
2014-10-26,355.18
2014-10-27,350
2014-10-28,356.96
2014-10-29,335.7
2014-10-30,346.14
2014-10-31,337.99
2014-11-01,324.7
2014-11-02,324.36
2014-11-03,325.5
2014-11-04,330.22
2014-11-05,338.38
2014-11-06,349.99
2014-11-07,342.16
2014-11-08,345.39
2014-11-09,364.77
2014-11-10,366.43
2014-11-11,370.65
2014-11-12,426.63
2014-11-13,420.93
2014-11-14,399.98
2014-11-15,376.99
2014-11-16,389.86
2014-11-17,387.69
2014-11-18,374.88
2014-11-19,379.03
2014-11-20,356.47
2014-11-21,351.2
2014-11-22,353.12
2014-11-23,367.17
2014-11-24,375.99
2014-11-25,377.37
2014-11-26,368.5
2014-11-27,369.98
2014-11-28,376.86
2014-11-29,375.49
2014-11-30,377.01
2014-12-01,376.53
2014-12-02,379.52
2014-12-03,375.33
2014-12-04,369.16
2014-12-05,376
2014-12-06,374.38
2014-12-07,377.26
2014-12-08,361.3
2014-12-09,352.03
2014-12-10,345.21
2014-12-11,348.9
2014-12-12,352.24
2014-12-13,351.67
2014-12-14,356.52
2014-12-15,349
2014-12-16,329.05
2014-12-17,322
2014-12-18,312.67
2014-12-19,318.33
2014-12-20,331.79
2014-12-21,320.01
2014-12-22,331.56
2014-12-23,336.92
2014-12-24,323.06
2014-12-25,319.86
2014-12-26,328.27
2014-12-27,316.47
2014-12-28,317.64
2014-12-29,313.01
2014-12-30,311.07
2014-12-31,321
2015-01-01,313.81
2015-01-02,315.42
2015-01-03,282
2015-01-04,264
2015-01-05,276.8
2015-01-06,281.15113
2015-01-07,299.99973
2015-01-08,283.52532
2015-01-09,293.97
2015-01-10,275.59
2015-01-11,266.39
2015-01-12,267.42
2015-01-13,227
2015-01-14,171.41
2015-01-15,210.98
2015-01-16,208.03
2015-01-17,199.69
2015-01-18,211.85
2015-01-19,216.34
2015-01-20,210.65
2015-01-21,227.16
2015-01-22,234.08
2015-01-23,233.64
2015-01-24,249.19
2015-01-25,255.31
2015-01-26,274.8
2015-01-27,263.98
2015-01-28,236.07
2015-01-29,235.79
2015-01-30,228.98
2015-01-31,216.9
2015-02-01,226.93
2015-02-02,238.47
2015-02-03,227.99
2015-02-04,227
2015-02-05,216.81
2015-02-06,223.37
2015-02-07,228.3
2015-02-08,223.88
2015-02-09,220.9
2015-02-10,220.42
2015-02-11,219.55
2015-02-12,223
2015-02-13,237
2015-02-14,256.99
2015-02-15,235.63
2015-02-16,234.7
2015-02-17,244.7
2015-02-18,237.37
2015-02-19,240.59
2015-02-20,245.48
2015-02-21,245.41
2015-02-22,236.5
2015-02-23,239.65
2015-02-24,239.55
2015-02-25,237.97
2015-02-26,236.84
2015-02-27,252.78
2015-02-28,253.47
2015-03-01,258.34
2015-03-02,274.93
2015-03-03,281
2015-03-04,270.78
2015-03-05,273.09
2015-03-06,272.68
2015-03-07,276.71
2015-03-08,275
2015-03-09,287.12
2015-03-10,290
2015-03-11,296.54
2015-03-12,295.31
2015-03-13,283.25
2015-03-14,282.01
2015-03-15,286.75
2015-03-16,289.27
2015-03-17,282.8
2015-03-18,256.45
2015-03-19,261.81
2015-03-20,261.96
2015-03-21,260
2015-03-22,267.74
2015-03-23,265.94
2015-03-24,245
2015-03-25,246.94
2015-03-26,249.23
2015-03-27,247.94
2015-03-28,252.87
2015-03-29,242
2015-03-30,247.95
2015-03-31,244.24
2015-04-01,246.69
2015-04-02,253.28
2015-04-03,254.19
2015-04-04,253.7
2015-04-05,260.54
2015-04-06,255.58
2015-04-07,253.72
2015-04-08,244.58
2015-04-09,243.43
2015-04-10,235.99
2015-04-11,236.15
2015-04-12,236.5
2015-04-13,223.15
2015-04-14,215.8
2015-04-15,222.88
2015-04-16,227.5
2015-04-17,222.6
2015-04-18,223.4
2015-04-19,222.54
2015-04-20,224.3
2015-04-21,235.74
2015-04-22,233.45
2015-04-23,235.98
2015-04-24,230.24
2015-04-25,226.12
2015-04-26,219.52
2015-04-27,227.23
2015-04-28,225.16
2015-04-29,225.48
2015-04-30,236.2
2015-05-01,231
2015-05-02,233.83
2015-05-03,239
2015-05-04,238.34
2015-05-05,235.12
2015-05-06,228.49
2015-05-07,236.87
2015-05-08,243.2
2015-05-09,241.96
2015-05-10,239.13
2015-05-11,241.3
2015-05-12,241.03
2015-05-13,235.97
2015-05-14,237.13
2015-05-15,237.37
2015-05-16,235.66
2015-05-17,235.97
2015-05-18,232.87
2015-05-19,231.4
2015-05-20,234.43
2015-05-21,235
2015-05-22,238.99
2015-05-23,237.76
2015-05-24,239.22
2015-05-25,235.59
2015-05-26,235.71
2015-05-27,235.17
2015-05-28,236.46
2015-05-29,236.03
2015-05-30,232.11
2015-05-31,228.91
2015-06-01,223.51
2015-06-02,225.18
2015-06-03,224.27
2015-06-04,222.99
2015-06-05,224.4
2015-06-06,224.99
2015-06-07,222.7
2015-06-08,228.17
2015-06-09,228.7
2015-06-10,227.8
2015-06-11,229.03
2015-06-12,229.4
2015-06-13,231.64
2015-06-14,232.09
2015-06-15,235.92
2015-06-16,250.09
2015-06-17,247.76
2015-06-18,248.4
2015-06-19,243.7
2015-06-20,244.76
2015-06-21,243.64
2015-06-22,246
2015-06-23,243.74
2015-06-24,240.19
2015-06-25,241.98
2015-06-26,242.98
2015-06-27,251.21
2015-06-28,248.62
2015-06-29,256.04
2015-06-30,262.5
2015-07-01,257.62
2015-07-02,254.54
2015-07-03,255.92
2015-07-04,260.2
2015-07-05,271.5
2015-07-06,268.51
2015-07-07,265.51
2015-07-08,270.63
2015-07-09,268.92
2015-07-10,285.23
2015-07-11,291.64
2015-07-12,310.55
2015-07-13,292.68
2015-07-14,287.55
2015-07-15,285.67
2015-07-16,277.89
2015-07-17,279.43
2015-07-18,276.79
2015-07-19,275.47
2015-07-20,278.96
2015-07-21,276.76
2015-07-22,277.68
2015-07-23,276.61
2015-07-24,289.01
2015-07-25,288.78
2015-07-26,293.19
2015-07-27,294.29
2015-07-28,294.01
2015-07-29,289.85
2015-07-30,288.01
2015-07-31,284.33
2015-08-01,280.19
2015-08-02,282.32
2015-08-03,280.43
2015-08-04,285
2015-08-05,281.13
2015-08-06,277.48
2015-08-07,279.63
2015-08-08,262.19
2015-08-09,265.05
2015-08-10,264.33
2015-08-11,271.15
2015-08-12,267.73
2015-08-13,264.48
2015-08-14,265.4
2015-08-15,261.46
2015-08-16,256.11
2015-08-17,256.47
2015-08-18,224.8
2015-08-19,226.92
2015-08-20,235.54
2015-08-21,233.49
2015-08-22,231
2015-08-23,228.89
2015-08-24,209.72
2015-08-25,222.38
2015-08-26,225.8
2015-08-27,225.09
2015-08-28,231.65
2015-08-29,230.54
2015-08-30,229
2015-08-31,229.86
2015-09-01,227.96
2015-09-02,229.18
2015-09-03,227.28
2015-09-04,230.52
2015-09-05,235.6
2015-09-06,240.28
2015-09-07,240.19
2015-09-08,244.21
2015-09-09,238.35
2015-09-10,238.66
2015-09-11,240
2015-09-12,234.79
2015-09-13,229.66
2015-09-14,229.71
2015-09-15,230.03
2015-09-16,228.34
2015-09-17,232.17
2015-09-18,233.12
2015-09-19,230
2015-09-20,230.16
2015-09-21,226.15
2015-09-22,230.42
2015-09-23,229.42
2015-09-24,233.86
2015-09-25,235.22
2015-09-26,233.81
2015-09-27,232.41
2015-09-28,239.14
2015-09-29,236.94
2015-09-30,236.2
2015-10-01,237.15
2015-10-02,237.77
2015-10-03,238.95
2015-10-04,238.6
2015-10-05,240.84
2015-10-06,246.57
2015-10-07,243.2
2015-10-08,242.9
2015-10-09,244.48
2015-10-10,245.71
2015-10-11,248.05
2015-10-12,245.81
2015-10-13,249.73
2015-10-14,252.47
2015-10-15,254.49
2015-10-16,263.09
2015-10-17,270.07
2015-10-18,261.05
2015-10-19,263.66
2015-10-20,270.64
2015-10-21,267.89
2015-10-22,275.21
2015-10-23,278.6
2015-10-24,282.84
2015-10-25,283.96
2015-10-26,286.9
2015-10-27,295.54
2015-10-28,305.67
2015-10-29,314.82
2015-10-30,328.65
2015-10-31,310.18
2015-11-01,325.78
2015-11-02,361.26
2015-11-03,404.06
2015-11-04,408
2015-11-05,385.5
2015-11-06,374.47
2015-11-07,383.53
2015-11-08,372.65
2015-11-09,377.9
2015-11-10,336.8
2015-11-11,309.91
2015-11-12,337.17
2015-11-13,336.99
2015-11-14,333
2015-11-15,319.28
2015-11-16,330.83
2015-11-17,336.08
2015-11-18,335.65
2015-11-19,326.02
2015-11-20,322.04
2015-11-21,326.5
2015-11-22,324.2
2015-11-23,323.48
2015-11-24,319.7
2015-11-25,328.9
2015-11-26,353.21
2015-11-27,357.14
2015-11-28,356.95
2015-11-29,371.48
2015-11-30,376.71
2015-12-01,363.06
2015-12-02,358.89
2015-12-03,361.42
2015-12-04,363.62
2015-12-05,388
2015-12-06,388.24
2015-12-07,395.57
2015-12-08,417.89
2015-12-09,416.98
2015-12-10,415.57
2015-12-11,453.04
2015-12-12,436.19
2015-12-13,433.07
2015-12-14,443.36
2015-12-15,464.53
2015-12-16,455.87
2015-12-17,456.17
2015-12-18,462.46
2015-12-19,461.8
2015-12-20,442.54
2015-12-21,438.07
2015-12-22,435.48
2015-12-23,442.56
2015-12-24,455
2015-12-25,455.51
2015-12-26,417.39
2015-12-27,421.76
2015-12-28,421.46
2015-12-29,431.82
2015-12-30,425.84
2015-12-31,430.89
2016-01-01,433.82
2016-01-02,433.55
2016-01-03,431.04
2016-01-04,434.17
2016-01-05,432.43
2016-01-06,429.56
2016-01-07,457
2016-01-08,452.7
2016-01-09,448.84
2016-01-10,448.79
2016-01-11,448
2016-01-12,434.85
2016-01-13,432.64
2016-01-14,429.55
2016-01-15,360
2016-01-16,386.91
2016-01-17,380.16
2016-01-18,385.49
2016-01-19,376.76
2016-01-20,416.32
2016-01-21,409.59
2016-01-22,382.55
2016-01-23,386.4
2016-01-24,402.16
2016-01-25,390.9
2016-01-26,391.77
2016-01-27,394.95
2016-01-28,379.75
2016-01-29,378.22
2016-01-30,375.64
2016-01-31,368.49
2016-02-01,371.81
2016-02-02,373.05
2016-02-03,368.38
2016-02-04,387.82
2016-02-05,385
2016-02-06,375.39
2016-02-07,375
2016-02-08,370.91
2016-02-09,373.2
2016-02-10,379.66
2016-02-11,377.98
2016-02-12,383.27
2016-02-13,390.99
2016-02-14,405
2016-02-15,399.28
2016-02-16,407.51
2016-02-17,415.54
2016-02-18,421.18
2016-02-19,419.54
2016-02-20,434.63
2016-02-21,438.5
2016-02-22,438.27
2016-02-23,419.1
2016-02-24,423.78
2016-02-25,423.51
2016-02-26,432
2016-02-27,431.07
2016-02-28,431.68
2016-02-29,435.23
2016-03-01,432.5
2016-03-02,423.45
2016-03-03,420.29
2016-03-04,408.01
2016-03-05,399.83
2016-03-06,406.23
2016-03-07,414.01
2016-03-08,411.75
2016-03-09,413
2016-03-10,416
2016-03-11,419.13
2016-03-12,410.9
2016-03-13,413.04
2016-03-14,414.99
2016-03-15,415.85
2016-03-16,416.57
2016-03-17,418.49
2016-03-18,407.91
2016-03-19,409.04
2016-03-20,411.28
2016-03-21,411.67
2016-03-22,416.64
2016-03-23,417.62
2016-03-24,415.17
2016-03-25,415.7
2016-03-26,416.96
2016-03-27,424.77
2016-03-28,422.87
2016-03-29,415.95
2016-03-30,413.74
2016-03-31,414.66
2016-04-01,416.31
2016-04-02,419
2016-04-03,419.11
2016-04-04,418.75
2016-04-05,422.71
2016-04-06,421.03
2016-04-07,420
2016-04-08,417.75
2016-04-09,418.24
2016-04-10,420.04
2016-04-11,422.69
2016-04-12,425.54
2016-04-13,423.93
2016-04-14,424.86
2016-04-15,429.45
2016-04-16,430.69
2016-04-17,427.42
2016-04-18,428.14
2016-04-19,435.63
2016-04-20,442.13
2016-04-21,451
2016-04-22,447.7
2016-04-23,451.92
2016-04-24,460.02
2016-04-25,462.33
2016-04-26,467.42
2016-04-27,445.38
2016-04-28,449.14
2016-04-29,456.53
2016-04-30,448.37
2016-05-01,453
2016-05-02,444.06
2016-05-03,450.61
2016-05-04,446.63
2016-05-05,448.5
2016-05-06,458.48
2016-05-07,458.07
2016-05-08,458.21
2016-05-09,460.82
2016-05-10,451.62
2016-05-11,452.91
2016-05-12,455.2
2016-05-13,455.91
2016-05-14,455.57
2016-05-15,457.56
2016-05-16,454
2016-05-17,453.08
2016-05-18,452.92
2016-05-19,436.3
2016-05-20,442.72
2016-05-21,443.31
2016-05-22,438.8
2016-05-23,442.99
2016-05-24,443.97
2016-05-25,448.7
2016-05-26,452.07
2016-05-27,472.05
2016-05-28,519.41
2016-05-29,517.84
2016-05-30,527.64
2016-05-31,531.84
2016-06-01,536.95
2016-06-02,538
2016-06-03,569.94
2016-06-04,573.8
2016-06-05,573.91
2016-06-06,584.5
2016-06-07,577.54
2016-06-08,583.03
2016-06-09,575.01
2016-06-10,578.01
2016-06-11,610
2016-06-12,672.13
2016-06-13,704.49
2016-06-14,685.25
2016-06-15,695
2016-06-16,766.62
2016-06-17,745.22
2016-06-18,754.83
2016-06-19,761.44
2016-06-20,730.85
2016-06-21,667.54
2016-06-22,601.3
2016-06-23,624.91
2016-06-24,661.71
2016-06-25,659.86
2016-06-26,630.16
2016-06-27,657.5
2016-06-28,646.08
2016-06-29,634.11
2016-06-30,667.95
2016-07-01,674.86
2016-07-02,702.48
2016-07-03,658.27
2016-07-04,680.35
2016-07-05,668.94
2016-07-06,674.7
2016-07-07,638.19
2016-07-08,663
2016-07-09,647.78
2016-07-10,648.76
2016-07-11,649.32
2016-07-12,663.52
2016-07-13,655.06
2016-07-14,659.1
2016-07-15,664.6
2016-07-16,662.45
2016-07-17,679.54
2016-07-18,672.1
2016-07-19,673.48
2016-07-20,667.03
2016-07-21,663.99
2016-07-22,649.95
2016-07-23,655.52
2016-07-24,661.47
2016-07-25,654.96
2016-07-26,651.24
2016-07-27,653.48
2016-07-28,653.07
2016-07-29,654.61
2016-07-30,654.67
2016-07-31,623.83
2016-08-01,606.35
2016-08-02,540
2016-08-03,563.42
2016-08-04,576.13
2016-08-05,572.5
2016-08-06,589.48
2016-08-07,592.47
2016-08-08,591.88
2016-08-09,582.75
2016-08-10,590.27
2016-08-11,585.22
2016-08-12,585.91
2016-08-13,583.52
2016-08-14,568.76
2016-08-15,565.55
2016-08-16,574.99
2016-08-17,570.91
2016-08-18,571.49
2016-08-19,572.91
2016-08-20,577.88
2016-08-21,577.55
2016-08-22,582.78
2016-08-23,580.23
2016-08-24,577.58
2016-08-25,575.71
2016-08-26,578.78
2016-08-27,568.31
2016-08-28,573.2
2016-08-29,571.5
2016-08-30,575.91
2016-08-31,570.75
2016-09-01,571.05
2016-09-02,572
2016-09-03,595.01
2016-09-04,603.72
2016-09-05,603.48
2016-09-06,608.16
2016-09-07,615.16
2016-09-08,625.67
2016-09-09,622.01
2016-09-10,621.65
2016-09-11,606.32
2016-09-12,608.04
2016-09-13,607.46
2016-09-14,608.5
2016-09-15,606.71
2016-09-16,605.69
2016-09-17,604.1
2016-09-18,608
2016-09-19,608.72
2016-09-20,600.94
2016-09-21,595.46
2016-09-22,595.41
2016-09-23,601.42
2016-09-24,599.33
2016-09-25,598.98
2016-09-26,606.47
2016-09-27,604.26
2016-09-28,603.95
2016-09-29,605.6
2016-09-30,608.23
2016-10-01,612.98
2016-10-02,608.6
2016-10-03,611.16
2016-10-04,607.19
2016-10-05,608.49
2016-10-06,610.25
2016-10-07,614.88
2016-10-08,614.34
2016-10-09,613.06
2016-10-10,616
2016-10-11,639
2016-10-12,634.5
2016-10-13,634.02
2016-10-14,638.2
2016-10-15,635.96
2016-10-16,638.97
2016-10-17,636.91
2016-10-18,635.95
2016-10-19,627.98
2016-10-20,628.89
2016-10-21,629
2016-10-22,654.52
2016-10-23,648.74
2016-10-24,648.6
2016-10-25,651.97
2016-10-26,675.11
2016-10-27,684.71
2016-10-28,685.91
2016-10-29,711.13
2016-10-30,697.23
2016-10-31,697.01
2016-11-01,726.6
2016-11-02,742
2016-11-03,685.22
2016-11-04,702.7
2016-11-05,703.46
2016-11-06,709.93
2016-11-07,702.86
2016-11-08,709.31
2016-11-09,721.5
2016-11-10,714.47
2016-11-11,716.39
2016-11-12,702.28
2016-11-13,700.38
2016-11-14,703.82
2016-11-15,711.06
2016-11-16,739.71
2016-11-17,735.24
2016-11-18,748.98
2016-11-19,750.75
2016-11-20,727.09
2016-11-21,736.76
2016-11-22,749.22
2016-11-23,740.18
2016-11-24,735.63
2016-11-25,737.07
2016-11-26,729.91
2016-11-27,727.32
2016-11-28,729.54
2016-11-29,730.76
2016-11-30,742.06
2016-12-01,751.54
2016-12-02,769.99
2016-12-03,760.75
2016-12-04,762
2016-12-05,750.24
2016-12-06,758.98
2016-12-07,763.99
2016-12-08,766.84
2016-12-09,769.57
2016-12-10,772.28
2016-12-11,768.97
2016-12-12,776.9
2016-12-13,775.35
2016-12-14,777.09
2016-12-15,775.89
2016-12-16,781.32
2016-12-17,788.52
2016-12-18,788.67
2016-12-19,791
2016-12-20,798.65
2016-12-21,832.75
2016-12-22,859.96
2016-12-23,914
2016-12-24,892.61
2016-12-25,890.67
2016-12-26,897.1
2016-12-27,930.34
2016-12-28,976.47
2016-12-29,969.58
2016-12-30,959.54
2016-12-31,966.3
2017-01-01,997.75
2017-01-02,1012.54
2017-01-03,1035.24
2017-01-04,1114.92
2017-01-05,1004.74
2017-01-06,893.89
2017-01-07,906.2
2017-01-08,909.75
2017-01-09,896.23
2017-01-10,905.05
2017-01-11,778.62
2017-01-12,807.47
2017-01-13,825.86
2017-01-14,818.27
2017-01-15,821.86
2017-01-16,831.81
2017-01-17,905.99
2017-01-18,887.7
2017-01-19,901.01
2017-01-20,895.8
2017-01-21,921.98
2017-01-22,923.76
2017-01-23,913.52
2017-01-24,885.47
2017-01-25,893.43
2017-01-26,914.83
2017-01-27,918.02
2017-01-28,918.6
2017-01-29,912.01
2017-01-30,919.99
2017-01-31,963.99
2017-02-01,983.67
2017-02-02,1009.17
2017-02-03,1016.99
2017-02-04,1033.18
2017-02-05,1011.07
2017-02-06,1023.99
2017-02-07,1052.48
2017-02-08,1050.4
2017-02-09,986
2017-02-10,996.08
2017-02-11,1012.4
2017-02-12,1000.73
2017-02-13,1000.79
2017-02-14,1008.88
2017-02-15,1011.53
2017-02-16,1032.7
2017-02-17,1055.46
2017-02-18,1056.4
2017-02-19,1051.8
2017-02-20,1084
2017-02-21,1124.62
2017-02-22,1130.01
2017-02-23,1188.11
2017-02-24,1180.14
2017-02-25,1152.2
2017-02-26,1179.05
2017-02-27,1194.64
2017-02-28,1191.21
2017-03-01,1226.39
2017-03-02,1257.6
2017-03-03,1285.33
2017-03-04,1260
2017-03-05,1273
2017-03-06,1278.49
2017-03-07,1233.05
2017-03-08,1150.05
2017-03-09,1190.89
2017-03-10,1116.97
2017-03-11,1176.55
2017-03-12,1226.62
2017-03-13,1242.46
2017-03-14,1245.86
2017-03-15,1257.32
2017-03-16,1172.62
2017-03-17,1071.02
2017-03-18,969.4
2017-03-19,1017.97
2017-03-20,1035.96
2017-03-21,1114.39
2017-03-22,1037.56
2017-03-23,1029.65
2017-03-24,929.06
2017-03-25,956.02
2017-03-26,960
2017-03-27,1039.92
2017-03-28,1043.99
2017-03-29,1035.96
2017-03-30,1033.7
2017-03-31,1070.31
2017-04-01,1083.94
2017-04-02,1078.01
2017-04-03,1144.77
2017-04-04,1143
2017-04-05,1134.58
2017-04-06,1190.85
2017-04-07,1190.66
2017-04-08,1184.03
2017-04-09,1206.2
2017-04-10,1209.25
2017-04-11,1218.99
2017-04-12,1212.17
2017-04-13,1172.91
2017-04-14,1170.34
2017-04-15,1173.45
2017-04-16,1162.31
2017-04-17,1176.54
2017-04-18,1202.58
2017-04-19,1203.98
2017-04-20,1234.19
2017-04-21,1243.61
2017-04-22,1233.2
2017-04-23,1241.99
2017-04-24,1253.58
2017-04-25,1269
2017-04-26,1287.99
2017-04-27,1331.53
2017-04-28,1330.7
2017-04-29,1333
2017-04-30,1350.21
2017-05-01,1390.86
2017-05-02,1447.75
2017-05-03,1503.22
2017-05-04,1537.23
2017-05-05,1514.9
2017-05-06,1558.02
2017-05-07,1554.01
2017-05-08,1649.54
2017-05-09,1720.28
2017-05-10,1772.58
2017-05-11,1828.45
2017-05-12,1691.51
2017-05-13,1776.89
2017-05-14,1784
2017-05-15,1705.48
2017-05-16,1700.01
2017-05-17,1782.99
2017-05-18,1878.99
2017-05-19,1958
2017-05-20,2013.99
2017-05-21,2017.55
2017-05-22,2099.97
2017-05-23,2264.23
2017-05-24,2420.29
2017-05-25,2292.53
2017-05-26,2279.82
2017-05-27,2042
2017-05-28,2178.81
2017-05-29,2292.1
2017-05-30,2203.51
2017-05-31,2298.01
2017-06-01,2413.63
2017-06-02,2488.94
2017-06-03,2540.94
2017-06-04,2530.27
2017-06-05,2698
2017-06-06,2880.74
2017-06-07,2683.03
2017-06-08,2806
2017-06-09,2822.32
2017-06-10,2899.99
2017-06-11,2954.22
2017-06-12,2667.06
2017-06-13,2703.02
2017-06-14,2450
2017-06-15,2424.91
2017-06-16,2484.68
2017-06-17,2630
2017-06-18,2516.98
2017-06-19,2598
2017-06-20,2740
2017-06-21,2657.04
2017-06-22,2713.48
2017-06-23,2685.05
2017-06-24,2557.66
2017-06-25,2502.03
2017-06-26,2421.22
2017-06-27,2565
2017-06-28,2559.9
2017-06-29,2541.59
2017-06-30,2465.49
2017-07-01,2412.41
2017-07-02,2504.37
2017-07-03,2550.47
2017-07-04,2596.12
2017-07-05,2602.9
2017-07-06,2600.39
2017-07-07,2501.46
2017-07-08,2550.07
2017-07-09,2502.28
2017-07-10,2323.45
2017-07-11,2305.98
2017-07-12,2388
2017-07-13,2339.99
2017-07-14,2213.37
2017-07-15,1970.51
2017-07-16,1917.63
2017-07-17,2226
2017-07-18,2303.71
2017-07-19,2265.21
2017-07-20,2875.03
2017-07-21,2670
2017-07-22,2832.71
2017-07-23,2749.02
2017-07-24,2759.98
2017-07-25,2564.82
2017-07-26,2524.99
2017-07-27,2666.33
2017-07-28,2777.01
2017-07-29,2680.56
2017-07-30,2742.37
2017-07-31,2855.81
2017-08-01,2731
2017-08-02,2703.51
2017-08-03,2793.37
2017-08-04,2855
2017-08-05,3263.62
2017-08-06,3222.75
2017-08-07,3387.55
2017-08-08,3412.41
2017-08-09,3342.99
2017-08-10,3413.03
2017-08-11,3645.06
2017-08-12,3855.1
2017-08-13,4053.87
2017-08-14,4306.23
2017-08-15,4155.67
2017-08-16,4378.84
2017-08-17,4276.5
2017-08-18,4100
2017-08-19,4099.55
2017-08-20,4058.68
2017-08-21,3987.52
2017-08-22,4085
2017-08-23,4108.12
2017-08-24,4300.34
2017-08-25,4355.98
2017-08-26,4333.38
2017-08-27,4337.68
2017-08-28,4379.99
2017-08-29,4578.82
2017-08-30,4573.2
2017-08-31,4734.26
2017-09-01,4921.7
2017-09-02,4599.9
2017-09-03,4606.26
2017-09-04,4277
2017-09-05,4396.52
2017-09-06,4605.8
2017-09-07,4615
2017-09-08,4312
2017-09-09,4308.72
2017-09-10,4226.22
2017-09-11,4207.31
2017-09-12,4172.56
2017-09-13,3865.34
2017-09-14,3227.79
2017-09-15,3700.01
2017-09-16,3678.93
2017-09-17,3662.99
2017-09-18,4101.6
2017-09-19,3888.8
2017-09-20,3874.46
2017-09-21,3617.05
2017-09-22,3612.18
2017-09-23,3779.17
2017-09-24,3664.22
2017-09-25,3918
2017-09-26,3888.03
2017-09-27,4199.29
2017-09-28,4184.84
2017-09-29,4164.82
2017-09-30,4326.09
2017-10-01,4377.22
2017-10-02,4391.48
2017-10-03,4315.83
2017-10-04,4219.53
2017-10-05,4301.09
2017-10-06,4362.95
2017-10-07,4423.3
2017-10-08,4597.98
2017-10-09,4764.7
2017-10-10,4749.29
2017-10-11,4822.01
2017-10-12,5445
2017-10-13,5653.6
2017-10-14,5801.29
2017-10-15,5679.7
2017-10-16,5745.72
2017-10-17,5597.31
2017-10-18,5582.05
2017-10-19,5698.69
2017-10-20,5977.29
2017-10-21,6013.46
2017-10-22,5969
2017-10-23,5871.17
2017-10-24,5523.4
2017-10-25,5735.88
2017-10-26,5890
2017-10-27,5771.89
2017-10-28,5730.69
2017-10-29,6137.37
2017-10-30,6119.99
2017-10-31,6434.21
2017-11-01,6741.59
2017-11-02,7030
2017-11-03,7146.82
2017-11-04,7388.83
2017-11-05,7372.72
2017-11-06,6967.68
2017-11-07,7130.28
2017-11-08,7450.32
2017-11-09,7148
2017-11-10,6588.18
2017-11-11,6355.13
2017-11-12,5870.37
2017-11-13,6525.17
2017-11-14,6609
2017-11-15,7294
2017-11-16,7846.96
2017-11-17,7674.99
2017-11-18,7771.03
2017-11-19,8016.58
2017-11-20,8226.17
2017-11-21,8095.23
2017-11-22,8214.69
2017-11-23,7989
2017-11-24,8199.19
2017-11-25,8717.99
2017-11-26,9271.06
2017-11-27,9708.07
2017-11-28,9868.82
2017-11-29,9824.68
2017-11-30,9947.67
2017-12-01,10840.45
2017-12-02,10872
2017-12-03,11250
2017-12-04,11613.07
2017-12-05,11677
2017-12-06,13623.5
2017-12-07,16599.99
2017-12-08,15800
2017-12-09,14607.49
2017-12-10,14691
2017-12-11,16470
2017-12-12,16650.01
2017-12-13,16250
2017-12-14,16404.99
2017-12-15,17471.5
2017-12-16,19187.78
2017-12-17,18953
2017-12-18,18940.57
2017-12-19,17700
2017-12-20,16466.98
2017-12-21,15600.01
2017-12-22,14009.79
2017-12-23,14619
2017-12-24,14157.87
2017-12-25,13911.28
2017-12-26,15764.44
2017-12-27,15364.93
2017-12-28,14470.07
2017-12-29,14340
2017-12-30,12640
2017-12-31,13880
2018-01-01,13443.41
2018-01-02,14678.94
2018-01-03,15155.62
2018-01-04,15143.67
2018-01-05,16928
2018-01-06,17149.67
2018-01-07,16124.02
2018-01-08,14999.99
2018-01-09,14403.51
2018-01-10,14890.02
2018-01-11,13243.83
2018-01-12,13781.41
2018-01-13,14197.78
2018-01-14,13647.99
2018-01-15,13607.04
2018-01-16,11386.34
2018-01-17,11191.35
2018-01-18,11247.57
2018-01-19,11552
2018-01-20,12775.99
2018-01-21,11558.87
2018-01-22,10808.99
2018-01-23,10851.82
2018-01-24,11400.96
2018-01-25,11155.54
2018-01-26,11092.95
2018-01-27,11446.54
2018-01-28,11685.58
2018-01-29,11162.62
2018-01-30,9971
2018-01-31,10149
2018-02-01,8998.99
2018-02-02,8838.83
2018-02-03,9225.86
2018-02-04,8191
2018-02-05,6874.27
2018-02-06,7737.37
2018-02-07,7588.01
2018-02-08,8259.76
2018-02-09,8693.98
2018-02-10,8560
2018-02-11,8067
2018-02-12,8899
2018-02-13,8522.99
2018-02-14,9490.98
2018-02-15,10018
2018-02-16,10196
2018-02-17,11101
2018-02-18,10421.06
2018-02-19,11173
2018-02-20,11233.41
2018-02-21,10449.4
2018-02-22,9843.34
2018-02-23,10166.1
2018-02-24,9689.99
2018-02-25,9590.04
2018-02-26,10324.7
2018-02-27,10566.3
2018-02-28,10314.9
2018-03-01,10903.13
2018-03-02,11029.99
2018-03-03,11445
2018-03-04,11463.27
2018-03-05,11419.24
2018-03-06,10723.76
2018-03-07,9913.03
2018-03-08,9285.32
2018-03-09,9230
2018-03-10,8791.47
2018-03-11,9535.04
2018-03-12,9120.75
2018-03-13,9142.32
2018-03-14,8196.69
2018-03-15,8265.05
2018-03-16,8258.54
2018-03-17,7860.83
2018-03-18,8188.24
2018-03-19,8596.93
2018-03-20,8904.02
2018-03-21,8893.79
2018-03-22,8704.67
2018-03-23,8920.79
2018-03-24,8547
2018-03-25,8453.9
2018-03-26,8149.66
2018-03-27,7791.7
2018-03-28,7932.41
2018-03-29,7088.38
2018-03-30,6850
2018-03-31,6928.62
2018-04-01,6813.52
2018-04-02,7052.76
2018-04-03,7416.27
2018-04-04,6799.95
2018-04-05,6771.69
2018-04-06,6618.33
2018-04-07,6904.9
2018-04-08,7027.26
2018-04-09,6780.1
2018-04-10,6835.67
2018-04-11,6940.94
2018-04-12,7923.78
2018-04-13,7896.92
2018-04-14,8000.41
2018-04-15,8354.22
2018-04-16,8048.15
2018-04-17,7890.87
2018-04-18,8172.84
2018-04-19,8271.31
2018-04-20,8861
2018-04-21,8920.71
2018-04-22,8789.96
2018-04-23,8946.95
2018-04-24,9648
2018-04-25,8864.99
2018-04-26,9274.48
2018-04-27,8921.43
2018-04-28,9345.11
2018-04-29,9393.99
2018-04-30,9242.17
2018-05-01,9066.9
2018-05-02,9222
2018-05-03,9732.43
2018-05-04,9696.57
2018-05-05,9823.28
2018-05-06,9623.54
2018-05-07,9359.52
2018-05-08,9167.69
2018-05-09,9308.49
2018-05-10,9020.99
2018-05-11,8411.42
2018-05-12,8481.6
2018-05-13,8696.58
2018-05-14,8674.36
2018-05-15,8474.99
2018-05-16,8346.59
2018-05-17,8067.03
2018-05-18,8248.87
2018-05-19,8231.2
2018-05-20,8518.48
2018-05-21,8391.76
2018-05-22,7984.08
2018-05-23,7502.89
2018-05-24,7586.88
2018-05-25,7471.18
2018-05-26,7335.99
2018-05-27,7347.39
2018-05-28,7112.5
2018-05-29,7469.45
2018-05-30,7375.73
2018-05-31,7492.28
2018-06-01,7511.6
2018-06-02,7642
2018-06-03,7703.67
2018-06-04,7488.26
2018-06-05,7617.98
2018-06-06,7658.57
2018-06-07,7689.28
2018-06-08,7618.11
2018-06-09,7492.7
2018-06-10,6781.17
2018-06-11,6880.61
2018-06-12,6557.67
2018-06-13,6307.4
2018-06-14,6646.1
2018-06-15,6390.6
2018-06-16,6487.92
2018-06-17,6453.41
2018-06-18,6707.5
2018-06-19,6736.52
2018-06-20,6756.58
2018-06-21,6718.33
2018-06-22,6050.45
2018-06-23,6177.38
2018-06-24,6153.4
2018-06-25,6253.61
2018-06-26,6068
2018-06-27,6135.64
2018-06-28,5848.33
2018-06-29,6204.24
2018-06-30,6385.71
2018-07-01,6349.99
2018-07-02,6612.98
2018-07-03,6507.99
2018-07-04,6584.25
2018-07-05,6533.69
2018-07-06,6596.53
2018-07-07,6759.99
2018-07-08,6706.6
2018-07-09,6666.75
2018-07-10,6299.46
2018-07-11,6380
2018-07-12,6243.88
2018-07-13,6215.59
2018-07-14,6243.98
2018-07-15,6349.3
2018-07-16,6721.04
2018-07-17,7310.71
2018-07-18,7374.88
2018-07-19,7471.42
2018-07-20,7330.84
2018-07-21,7409.92
2018-07-22,7396.6
2018-07-23,7719.62
2018-07-24,8403.83
2018-07-25,8174.06
2018-07-26,7926
2018-07-27,8183.05
2018-07-28,8237.74
2018-07-29,8216.74
2018-07-30,8160.21
2018-07-31,7725.43
2018-08-01,7602.01
2018-08-02,7536.37
2018-08-03,7416.98
2018-08-04,7009.99
2018-08-05,7032.61
2018-08-06,6936.11
2018-08-07,6717.68
2018-08-08,6283.59
2018-08-09,6543.76
2018-08-10,6139.99
2018-08-11,6239.98
2018-08-12,6310.82
2018-08-13,6252.63
2018-08-14,6193.62
2018-08-15,6272.3
2018-08-16,6313.51
2018-08-17,6580.15
2018-08-18,6399.28
2018-08-19,6481.99
2018-08-20,6260.82
2018-08-21,6479.27
2018-08-22,6355.76
2018-08-23,6525.01
2018-08-24,6692.94
2018-08-25,6732.4
2018-08-26,6700.46
2018-08-27,6904.51
2018-08-28,7080.94
2018-08-29,7032.96
2018-08-30,6984.01
2018-08-31,7017.35
2018-09-01,7185.01
2018-09-02,7290.31
2018-09-03,7258.99
2018-09-04,7361
2018-09-05,6679.3
2018-09-06,6493.09
2018-09-07,6400
2018-09-08,6178.31
2018-09-09,6236.04
2018-09-10,6301.99
2018-09-11,6279.99
2018-09-12,6322.45
2018-09-13,6485.7
2018-09-14,6476.51
2018-09-15,6520.15
2018-09-16,6499.98
2018-09-17,6254.52
2018-09-18,6332.34
2018-09-19,6388.4
2018-09-20,6492.98
2018-09-21,6749.45
2018-09-22,6710.01
2018-09-23,6702.22
2018-09-24,6581.52
2018-09-25,6428.99
2018-09-26,6461.51
2018-09-27,6681.62
2018-09-28,6610.76
2018-09-29,6579.38
2018-09-30,6597.81
2018-10-01,6571.2
2018-10-02,6500
2018-10-03,6456.77
2018-10-04,6547.56
2018-10-05,6582.12
2018-10-06,6544.08
2018-10-07,6577.63
2018-10-08,6604.75
2018-10-09,6588.8
2018-10-10,6517.55
2018-10-11,6152.76
2018-10-12,6185.15
2018-10-13,6199.69
2018-10-14,6183
2018-10-15,6441.74
2018-10-16,6461.2
2018-10-17,6437.29
2018-10-18,6396.18
2018-10-19,6383.46
2018-10-20,6412.86
2018-10-21,6413.38
2018-10-22,6406.06
2018-10-23,6393.41
2018-10-24,6411.96
2018-10-25,6393.53
2018-10-26,6406.1
2018-10-27,6407.66
2018-10-28,6405.57
2018-10-29,6266.52
2018-10-30,6269.46
2018-10-31,6303.27
2018-11-01,6340.99
2018-11-02,6350.43
2018-11-03,6335
2018-11-04,6421.76
2018-11-05,6403.2
2018-11-06,6447.5
2018-11-07,6501
2018-11-08,6405.49
2018-11-09,6325
2018-11-10,6349.32
2018-11-11,6357.54
2018-11-12,6318
2018-11-13,6260.91
2018-11-14,5595.91
2018-11-15,5585
2018-11-16,5508.71
2018-11-17,5503.36
2018-11-18,5559.26
2018-11-19,4735.44
2018-11-20,4352
2018-11-21,4538.01
2018-11-22,4275.23
2018-11-23,4288.26
2018-11-24,3785.65
2018-11-25,3938.89
2018-11-26,3727.34
2018-11-27,3771.01
2018-11-28,4220.16
2018-11-29,4249.8
2018-11-30,3971.06
2018-12-01,4140.39
2018-12-02,4102.05
2018-12-03,3834.34
2018-12-04,3903.52
2018-12-05,3696.69
2018-12-06,3437.26
2018-12-07,3380.68
2018-12-08,3398.8
2018-12-09,3529.75
2018-12-10,3408
2018-12-11,3353.42
2018-12-12,3430.18
2018-12-13,3262.73
2018-12-14,3195.75
2018-12-15,3179.54
2018-12-16,3193.78
2018-12-17,3496.73
2018-12-18,3667.16
2018-12-19,3684.5
2018-12-20,4073.77
2018-12-21,3841.08
2018-12-22,3980.9
2018-12-23,3943.83
2018-12-24,4036
2018-12-25,3779.99
2018-12-26,3810.01
2018-12-27,3591.69
2018-12-28,3884.97
2018-12-29,3725.48
2018-12-30,3835.79
2018-12-31,3693.3
2019-01-01,3823.44
2019-01-02,3885.87
2019-01-03,3787.81
2019-01-04,3817.71
2019-01-05,3791.84
2019-01-06,4040.71
2019-01-07,4005.45
2019-01-08,3994.9
2019-01-09,4002.13
2019-01-10,3627.51
2019-01-11,3632.02
2019-01-12,3617.13
2019-01-13,3515.95
2019-01-14,3664.28
2019-01-15,3576.93
2019-01-16,3605.91
2019-01-17,3638.01
2019-01-18,3609.21
2019-01-19,3681
2019-01-20,3536.72
2019-01-21,3531.51
2019-01-22,3576.81
2019-01-23,3552.32
2019-01-24,3570.73
2019-01-25,3560
2019-01-26,3555.56
2019-01-27,3533.23
2019-01-28,3429.5
2019-01-29,3390.5
2019-01-30,3437.35
2019-01-31,3413.11
2019-02-01,3434.83
2019-02-02,3462.82
2019-02-03,3414.82
2019-02-04,3410.87
2019-02-05,3431.39
2019-02-06,3364.62
2019-02-07,3359.33
2019-02-08,3622.94
2019-02-09,3622.62
2019-02-10,3650.37
2019-02-11,3588.7
2019-02-12,3585.94
2019-02-13,3574.93
2019-02-14,3560.46
2019-02-15,3566.29
2019-02-16,3579.92
2019-02-17,3625.6
2019-02-18,3869.8
2019-02-19,3888.46
2019-02-20,3936.53
2019-02-21,3900.4
2019-02-22,3939.82
2019-02-23,4113.53
2019-02-24,3730.68
2019-02-25,3820.71
2019-02-26,3795.06
2019-02-27,3798.47
2019-02-28,3791.36
2019-03-01,3807.05
2019-03-02,3810.46
2019-03-03,3789.52
2019-03-04,3698.66
2019-03-05,3844.07
2019-03-06,3851.55
2019-03-07,3856.64
2019-03-08,3844.64
2019-03-09,3916.43
2019-03-10,3897.92
2019-03-11,3849.25
2019-03-12,3859.74
2019-03-13,3848.48
2019-03-14,3854.77
2019-03-15,3901.21
2019-03-16,3990
2019-03-17,3965.5
2019-03-18,3969.59
2019-03-19,3998.13
2019-03-20,4031.59
2019-03-21,3974.21
2019-03-22,3982.07
2019-03-23,3982.52
2019-03-24,3969.99
2019-03-25,3910.51
2019-03-26,3922.58
2019-03-27,4025.5
2019-03-28,4012.23
2019-03-29,4090
2019-03-30,4094.92
2019-03-31,4096.08
2019-04-01,4136.32
2019-04-02,4899.63
2019-04-03,4978.23
2019-04-04,4907.94
2019-04-05,5039.73
2019-04-06,5041.39
2019-04-07,5190.85
2019-04-08,5287.88
2019-04-09,5192.6
2019-04-10,5323.47
2019-04-11,5040.2
2019-04-12,5076.35
2019-04-13,5063.63
2019-04-14,5162.72
2019-04-15,5027.31
2019-04-16,5202.43
2019-04-17,5233.72
2019-04-18,5281.58
2019-04-19,5289.91
2019-04-20,5318.89
2019-04-21,5295.65
2019-04-22,5386.8
2019-04-23,5531.32
2019-04-24,5440.95
2019-04-25,5132.55
2019-04-26,5155.19
2019-04-27,5168.91
2019-04-28,5160.98
2019-04-29,5149.11
2019-04-30,5269
2019-05-01,5318.42
2019-05-02,5385
2019-05-03,5658.22
2019-05-04,5764.65
2019-05-05,5709.32
2019-05-06,5685.46
2019-05-07,5751.54
2019-05-08,5940.89
2019-05-09,6156.7
2019-05-10,6342.84
2019-05-11,7217.47
2019-05-12,6974.35
2019-05-13,7810.05
2019-05-14,7986
2019-05-15,8208.69
2019-05-16,7880
2019-05-17,7351.71
2019-05-18,7260.12
2019-05-19,8200
2019-05-20,8005.64
2019-05-21,7955.16
2019-05-22,7624.95
2019-05-23,7880.22
2019-05-24,7999.02
2019-05-25,8064.64
2019-05-26,8733.26
2019-05-27,8770.73
2019-05-28,8717.96
2019-05-29,8663.41
2019-05-30,8277.76
2019-05-31,8547.2
2019-06-01,8556.27
2019-06-02,8734.49
2019-06-03,8103.64
2019-06-04,7665.53
2019-06-05,7785.94
2019-06-06,7806.07
2019-06-07,8001.25
2019-06-08,7932.27
2019-06-09,7632.99
2019-06-10,8021.1
2019-06-11,7919.1
2019-06-12,8176.27
2019-06-13,8238
2019-06-14,8697.54
2019-06-15,8857.19
2019-06-16,8974.19
2019-06-17,9333.48
2019-06-18,9078.84
2019-06-19,9278.27
2019-06-20,9534.99
2019-06-21,10222.12
2019-06-22,10661.3
2019-06-23,10831.95
2019-06-24,11029.63
2019-06-25,11751.01
2019-06-26,12920.54
2019-06-27,11153.74
2019-06-28,12354.43
2019-06-29,11858.62
2019-06-30,10760.1
2019-07-01,10577.43
2019-07-02,10828.9
2019-07-03,11967.43
2019-07-04,11146.34
2019-07-05,10997.84
2019-07-06,11240
2019-07-07,11469.96
2019-07-08,12286.14
2019-07-09,12567.23
2019-07-10,12098.95
2019-07-11,11349.24
2019-07-12,11808.91
2019-07-13,11378.79
2019-07-14,10191.87
2019-07-15,10850
2019-07-16,9412.81
2019-07-17,9699.35
2019-07-18,10648.6
2019-07-19,10535.43
2019-07-20,10750.11
2019-07-21,10600.24
2019-07-22,10328.83
2019-07-23,9847.02
2019-07-24,9763.67
2019-07-25,9883.96
2019-07-26,9846.94
2019-07-27,9481.37
2019-07-28,9533.19
2019-07-29,9495.39
2019-07-30,9593.62
2019-07-31,10085.34
2019-08-01,10407.71
2019-08-02,10529.51
2019-08-03,10821.52
2019-08-04,10986.96
2019-08-05,11800
2019-08-06,11470
2019-08-07,11971.57
2019-08-08,11983.43
2019-08-09,11859.32
2019-08-10,11273.2
2019-08-11,11528.73
2019-08-12,11385.11
2019-08-13,10862.28
2019-08-14,10022.99
2019-08-15,10301.44
2019-08-16,10354.34
2019-08-17,10210.89
2019-08-18,10318.99
2019-08-19,10927.3
2019-08-20,10772.22
2019-08-21,10134.75
2019-08-22,10112.01
2019-08-23,10401.6
2019-08-24,10149.7
2019-08-25,10136.75
2019-08-26,10360.97
2019-08-27,10167.29
2019-08-28,9711.78
2019-08-29,9490
2019-08-30,9579.75
2019-08-31,9594.15
2019-09-01,9767.53
2019-09-02,10384.48
2019-09-03,10617.61
2019-09-04,10586.26
2019-09-05,10573.66
2019-09-06,10311.09
2019-09-07,10484.39
2019-09-08,10400.18
2019-09-09,10307.45
2019-09-10,10096
2019-09-11,10154.46
2019-09-12,10420.34
2019-09-13,10368.65
2019-09-14,10355.37
2019-09-15,10305.74
2019-09-16,10269.98
2019-09-17,10195.73
2019-09-18,10152.09
2019-09-19,10271.53
2019-09-20,10169.02
2019-09-21,9985.28
2019-09-22,10020.58
2019-09-23,9682.19
2019-09-24,8536.82
2019-09-25,8432.16
2019-09-26,8055.03
2019-09-27,8187.72
2019-09-28,8218.07
2019-09-29,8047.6
2019-09-30,8298.45
2019-10-01,8319.01
2019-10-02,8373.42
2019-10-03,8239.92
2019-10-04,8152.07
2019-10-05,8145.17
2019-10-06,7854.12
2019-10-07,8205.53
2019-10-08,8178.54
2019-10-09,8586.34
2019-10-10,8582.11
2019-10-11,8265.55
2019-10-12,8303.43
2019-10-13,8282.96
2019-10-14,8362.99
2019-10-15,8155.13
2019-10-16,7995.89
2019-10-17,8073.32
2019-10-18,7955.08
2019-10-19,7960.49
2019-10-20,8235.74
2019-10-21,8213.65
2019-10-22,8025.9
2019-10-23,7470.77
2019-10-24,7435
2019-10-25,8662.66
2019-10-26,9252.75
2019-10-27,9557.08
2019-10-28,9216.44
2019-10-29,9426.94
2019-10-30,9159.94
2019-10-31,9150.07
2019-11-01,9250.45
2019-11-02,9304.75
2019-11-03,9207
2019-11-04,9410.76
2019-11-05,9320.14
2019-11-06,9344.78
2019-11-07,9199.36
2019-11-08,8767.37
2019-11-09,8812.21
2019-11-10,9024.49
2019-11-11,8720.36
2019-11-12,8813.91
2019-11-13,8755.24
2019-11-14,8636.9
2019-11-15,8463.49
2019-11-16,8484.63
2019-11-17,8499.31
2019-11-18,8170.65
2019-11-19,8121.63
2019-11-20,8088.44
2019-11-21,7611.51
2019-11-22,7285.85
2019-11-23,7320.39
2019-11-24,6908.36
2019-11-25,7122.14
2019-11-26,7159.22
2019-11-27,7527.84
2019-11-28,7436.72
2019-11-29,7753.69
2019-11-30,7550.67
2019-12-01,7412.66
2019-12-02,7309.64
2019-12-03,7300.43
2019-12-04,7197.78
2019-12-05,7390.42
2019-12-06,7541.79
2019-12-07,7502.65
2019-12-08,7524.26
2019-12-09,7340.52
2019-12-10,7216.07
2019-12-11,7207.42
2019-12-12,7188.42
2019-12-13,7257.47
2019-12-14,7059.03
2019-12-15,7115.08
2019-12-16,6882.19
2019-12-17,6612.3
2019-12-18,7286.91
2019-12-19,7149.57
2019-12-20,7194.11
2019-12-21,7147.4
2019-12-22,7509.7
2019-12-23,7316.17
2019-12-24,7251.52
2019-12-25,7195.79
2019-12-26,7188.3
2019-12-27,7246
2019-12-28,7296.24
2019-12-29,7385.54
2019-12-30,7220.24
2019-12-31,7168.36
2020-01-01,7178.68
2020-01-02,6950.56
2020-01-03,7338.91
2020-01-04,7344.48
2020-01-05,7356.7
2020-01-06,7762.74
2020-01-07,8159.01
2020-01-08,8044.44
2020-01-09,7806.78
2020-01-10,8200
2020-01-11,8016.22
2020-01-12,8180.76
2020-01-13,8105.01
2020-01-14,8813.04
2020-01-15,8809.17
2020-01-16,8710.15
2020-01-17,8892.63
2020-01-18,8908.53
2020-01-19,8696.6
2020-01-20,8625.17
2020-01-21,8717.89
2020-01-22,8655.93
2020-01-23,8378.44
2020-01-24,8422.13
2020-01-25,8329.5
2020-01-26,8590.48
2020-01-27,8894.54
2020-01-28,9400
2020-01-29,9289.18
2020-01-30,9500
2020-01-31,9327.85
2020-02-01,9377.17
2020-02-02,9329.39
2020-02-03,9288.09
2020-02-04,9159.37
2020-02-05,9618.42
2020-02-06,9754.63
2020-02-07,9803.42
2020-02-08,9902
2020-02-09,10173.97
2020-02-10,9850.01
2020-02-11,10268.98
2020-02-12,10348.78
2020-02-13,10228.67
2020-02-14,10364.04
2020-02-15,9899.78
2020-02-16,9912.89
2020-02-17,9697.15
2020-02-18,10185.17
2020-02-19,9595.72
2020-02-20,9612.76
2020-02-21,9696.13
2020-02-22,9668.13
2020-02-23,9965.21
2020-02-24,9652.58
2020-02-25,9305.4
2020-02-26,8779.36
2020-02-27,8816.5
2020-02-28,8703.84
2020-02-29,8527.74
2020-03-01,8528.95
2020-03-02,8917.34
2020-03-03,8755.45
2020-03-04,8753.28
2020-03-05,9066.65
2020-03-06,9153.79
2020-03-07,8893.93
2020-03-08,8033.7
2020-03-09,7936.25
2020-03-10,7885.92
2020-03-11,7934.57
2020-03-12,4841.67
2020-03-13,5622.74
2020-03-14,5169.37
2020-03-15,5343.64
2020-03-16,5033.42
2020-03-17,5324.99
2020-03-18,5406.92
2020-03-19,6181.18
2020-03-20,6210.14
2020-03-21,6187.78
2020-03-22,5813.15
2020-03-23,6493.51
2020-03-24,6768.64
2020-03-25,6692.22
2020-03-26,6760.72
2020-03-27,6376.03
2020-03-28,6253.08
2020-03-29,5870.9
2020-03-30,6407.77
2020-03-31,6421.14
2020-04-01,6652.07
2020-04-02,6801.99
2020-04-03,6742.57
2020-04-04,6879.61
2020-04-05,6775.2
2020-04-06,7352.43
2020-04-07,7202.73
2020-04-08,7367.36
2020-04-09,7293.93
2020-04-10,6877.03
2020-04-11,6883.18
2020-04-12,6908.24
2020-04-13,6864.22
2020-04-14,6879.75
2020-04-15,6619
2020-04-16,7111.67
2020-04-17,7024.19
2020-04-18,7262.26
2020-04-19,7126.4
2020-04-20,6841
2020-04-21,6854.98
2020-04-22,7137.79
2020-04-23,7484.58
2020-04-24,7505.53
2020-04-25,7547.56
2020-04-26,7701.73
2020-04-27,7786.41
2020-04-28,7767.79
2020-04-29,8790.32
2020-04-30,8627.32
2020-05-01,8832.44
2020-05-02,8983.79
2020-05-03,8915.98
2020-05-04,8882.87
2020-05-05,9034.85
2020-05-06,9154.32
2020-05-07,10000
2020-05-08,9801.35
2020-05-09,9546.56
2020-05-10,8731.17
2020-05-11,8571.98
2020-05-12,8825.46
2020-05-13,9315.5
2020-05-14,9793.5
2020-05-15,9306.21
2020-05-16,9389.07
2020-05-17,9665.7
2020-05-18,9721.91
2020-05-19,9787.65
2020-05-20,9516.51
2020-05-21,9062.47
2020-05-22,9171.96
2020-05-23,9183.46
2020-05-24,8718.77
2020-05-25,8903.56
2020-05-26,8840.91
2020-05-27,9210.00
2020-05-28,9577.38
2020-05-29,9421.04
2020-05-30,9705.1
2020-05-31,9446.19
2020-06-01,10203.64
2020-06-02,9525.73
2020-06-03,9668.99
2020-06-04,9791.92
2020-06-05,9619.99
2020-06-06,9669.85
2020-06-07,9750.04
2020-06-08,9783
2020-06-09,9776.84
2020-06-10,9894.32
2020-06-11,9264.26
2020-06-12,9463.07
2020-06-13,9473.46
2020-06-14,9329.99
2020-06-15,9435.15
2020-06-16,9530.3
2020-06-17,9461.29
2020-06-18,9374.78
2020-06-19,9304.32
2020-06-20,9355.46
2020-06-21,9283.03
2020-06-22,9683.12
2020-06-23,9622.81
2020-06-24,9286.06
2020-06-25,9239.48
2020-06-26,9158.26
2020-06-27,9009.3
2020-06-28,9118.01
2020-06-29,9188.88
2020-06-30,9132.96
2020-07-01,9233.38
2020-07-02,9092.92
2020-07-03,9063.08
2020-07-04,9138.52
2020-07-05,9076.82
2020-07-06,9348.22
2020-07-07,9257.16
2020-07-08,9437.16
2020-07-09,9234.9
2020-07-10,9283.53
2020-07-11,9238.3
2020-07-12,9306.17
2020-07-13,9233.1
2020-07-14,9251.59
2020-07-15,9190.07
2020-07-16,9132.87
2020-07-17,9156.5
2020-07-18,9177.43
2020-07-19,9211.99
2020-07-20,9162.43
2020-07-21,9391.25
2020-07-22,9539.51
2020-07-23,9617.2
2020-07-24,9547.91
2020-07-25,9710.98
2020-07-26,9944.65
2020-07-27,11046.19
2020-07-28,10939.27
2020-07-29,11111.17
2020-07-30,11112.12
2020-07-31,11356.74
2020-08-01,11817.49
2020-08-02,11071.66
2020-08-03,11236.39
2020-08-04,11192.42
2020-08-05,11755.24
2020-08-06,11770.08
2020-08-07,11600.85
2020-08-08,11776.9
2020-08-09,11683.03
2020-08-10,11895.12
2020-08-11,11392.64
2020-08-12,11565.35
2020-08-13,11793.26
2020-08-14,11779.77
2020-08-15,11852.2
2020-08-16,11914.02
2020-08-17,12298.38
2020-08-18,11958.1
2020-08-19,11757.55
2020-08-20,11859.37
2020-08-21,11531.74
2020-08-22,11667.7
2020-08-23,11644.65
2020-08-24,11761.8
2020-08-25,11328.88
2020-08-26,11469.3
2020-08-27,11330
2020-08-28,11536.58
2020-08-29,11471.71
2020-08-30,11708.97
2020-08-31,11655
2020-09-01,11923.96
2020-09-02,11398.44
2020-09-03,10160
2020-09-04,10456.32
2020-09-05,10167.19
2020-09-06,10260.17
2020-09-07,10377.14
2020-09-08,10123.96
2020-09-09,10232.8
2020-09-10,10342.59
2020-09-11,10393.04
2020-09-12,10443.33
2020-09-13,10334.78
2020-09-14,10675.15
2020-09-15,10783.83
2020-09-16,10951.54
2020-09-17,10940.47
2020-09-18,10931.2
2020-09-19,11077.22
2020-09-20,10923.5
2020-09-21,10411.29
2020-09-22,10534.31
2020-09-23,10233.42
2020-09-24,10744.02
2020-09-25,10689.81
2020-09-26,10729.09
2020-09-27,10780.66
2020-09-28,10689.48
2020-09-29,10836.42
2020-09-30,10778.22
2020-10-01,10622.71
2020-10-02,10578.54
2020-10-03,10553.66
2020-10-04,10669.63
2020-10-05,10795
2020-10-06,10606.33
2020-10-07,10669.14
2020-10-08,10925.2
2020-10-09,11052
2020-10-10,11301.2
2020-10-11,11372.93
2020-10-12,11535.98
2020-10-13,11427.98
2020-10-14,11428.84
2020-10-15,11511.11
2020-10-16,11321.86
2020-10-17,11365.8
2020-10-18,11519.97
2020-10-19,11764.14
2020-10-20,11921.11
2020-10-21,12802.67
2020-10-22,12983.26
2020-10-23,12941.59
2020-10-24,13122.73
2020-10-25,13039.09
2020-10-26,13066.73
2020-10-27,13647.9
2020-10-28,13274.73
2020-10-29,13468.44
2020-10-30,13562.13
2020-10-31,13816.08
2020-11-01,13762
2020-11-02,13563.72
2020-11-03,14041.58
2020-11-04,14160.59
2020-11-05,15605.04
2020-11-06,15598.09
2020-11-07,14838.97
2020-11-08,15489.15
2020-11-09,15332.04
2020-11-10,15313.65
2020-11-11,15707.89
2020-11-12,16300
2020-11-13,16335.58
2020-11-14,16086.34
2020-11-15,15975.49
2020-11-16,16724.62
2020-11-17,17680.63
2020-11-18,17785.95
2020-11-19,17825.47
2020-11-20,18687.65
2020-11-21,18725
2020-11-22,18435.2
2020-11-23,18383.35
2020-11-24,19160.85
2020-11-25,18732.43
2020-11-26,17160.09
2020-11-27,17154.39
2020-11-28,17741.79
2020-11-29,18192.03
2020-11-30,19700.19
2020-12-01,18771.43
2020-12-02,19226.55
2020-12-03,19448.4
2020-12-04,18673.76
2020-12-05,19162.16
2020-12-06,19380.58
2020-12-07,19173.5
2020-12-08,18316.43
2020-12-09,18556.64
2020-12-10,18250.3
2020-12-11,18040.02
2020-12-12,18815.63
2020-12-13,19162.36
2020-12-14,19274.33
2020-12-15,19434.87
2020-12-16,21365.7
2020-12-17,22814.24
2020-12-18,23136.14
2020-12-19,23842.99
2020-12-20,23470.85
2020-12-21,22732.01
2020-12-22,23835.1
2020-12-23,23247.71
2020-12-24,23726.28
2020-12-25,24705.15
2020-12-26,26466.28
2020-12-27,26259.6
2020-12-28,27037.91
2020-12-29,27370
2020-12-30,28881.3
2020-12-31,28992.79
2021-01-01,29402.64
2021-01-02,32216.53
2021-01-03,33097.83
2021-01-04,32005.88
2021-01-05,34039.05
2021-01-06,36849.94
2021-01-07,39510.49
2021-01-08,40667.07
2021-01-09,40239.06
2021-01-10,38173.73
2021-01-11,35455.58
2021-01-12,34035.02
2021-01-13,37393.49
2021-01-14,39134.35
2021-01-15,36756.57
2021-01-16,36000
2021-01-17,35819.25
2021-01-18,36616.95
2021-01-19,35917.62
2021-01-20,35496.91
2021-01-21,30818.18
2021-01-22,32992.06
